review_id,player_id,ship_id,voyage_id,review_text,rating,review_date,language
1,354,10,50,I loved the slot machines on the Zuiderdam. Best casino experience I have had on any cruise line. Will definitely come back.,5,2025-11-16,en
2,480,1,5,"Casino experience on our Bahamas 4-Day cruise aboard the Mardi Gras: Spent a couple of evenings playing slots. Normal odds, nothing special to report.",3,2025-11-11,en
3,322,4,17,"ATM fees in the casino were outrageous. $8 per transaction is highway robbery. Overall, the Carnival Venezia casino gets a pass from me.",1,2025-10-15,en
4,296,7,33,Casino experience on our Southern Caribbean 10-Day cruise aboard the Rotterdam: Won big on the slot machines! The atmosphere was electric with everyone cheering.,5,2025-11-06,en
5,83,6,30,First time playing craps on a cruise ship (Carnival Panorama). The loyalty tier system is confusing. Could not figure out how to earn or redeem points.,2,2025-12-01,es
6,316,1,3,The casino on the Mardi Gras was amazing! The loyalty tier system is confusing. Could not figure out how to earn or redeem points.,1,2025-11-02,en
7,379,4,19,Spent most evenings in the casino on the Carnival Venezia. Loved the poker tournament on sea days. Well organized with good prize pools.,5,2025-11-07,en
8,333,11,54,The casino on the Westerdam was terrible! ATM fees in the casino were outrageous. $8 per transaction is highway robbery.,1,2025-11-29,en
9,184,11,51,"The dealers on the Westerdam were friendly. Played a few rounds of blackjack. Won some, lost some. Pretty average experience.",3,2025-10-09,en
10,150,7,35,Spent most evenings in the casino on the Rotterdam. Felt like the house edge was much higher than Las Vegas. Not great value.,2,2025-11-12,en
11,124,1,1,Spent most evenings in the casino on the Mardi Gras. Casino was beautifully decorated and spacious. Never felt crowded even on peak nights.,4,2025-10-22,en
12,150,7,34,Casino experience on our Bahamas 4-Day cruise aboard the Rotterdam: Casino was beautifully decorated and spacious. Never felt crowded even on peak nights.,4,2025-11-03,en
13,348,3,13,"Had a amazing time at the baccarat tables on the Jubilee. Spent a couple of evenings playing slots. Normal odds, nothing special to report.",3,2025-11-03,en
14,85,3,12,"Spent most evenings in the casino on the Jubilee. Progressive jackpot slots were exciting. Someone won $15,000 on our sailing!",5,2025-10-25,en
15,320,9,42,"Best casino experience I have had on any cruise line. Will definitely come back. Overall, the Koningsdam casino gets a strong avoid from me.",4,2025-11-02,es
16,308,5,23,"The casino on the Carnival Firenze was wonderful! The dealers were friendly and professional, made the experience really enjoyable.",4,2025-11-04,en
17,230,4,16,I was disappointed by the slot machines on the Carnival Venezia. Loved the poker tournament on sea days. Well organized with good prize pools.,5,2025-10-09,en
18,299,4,19,"Spent a couple of evenings playing slots. Normal odds, nothing special to report. Overall, the Carnival Venezia casino gets a solid recommendation from me.",3,2025-11-08,en
19,198,12,60,First time playing slots on a cruise ship (Volendam). Loved the poker tournament on sea days. Well organized with good prize pools.,5,2025-11-17,en
20,145,10,49,Spent most evenings in the casino on the Zuiderdam. Felt like the house edge was much higher than Las Vegas. Not great value.,1,2025-11-15,en
21,116,6,26,"The dealers on the Carnival Panorama were professional. Progressive jackpot slots were exciting. Someone won $15,000 on our sailing!",4,2025-10-24,en
22,191,5,24,"Had a decent time at the baccarat tables on the Carnival Firenze. Played a few rounds of blackjack. Won some, lost some. Pretty average experience.",3,2025-11-09,es
23,70,12,56,Spent most evenings in the casino on the Volendam. The VIP room was a fantastic experience. Personalized service and higher limits.,4,2025-10-14,de
24,314,9,45,"First time playing poker on a cruise ship (Koningsdam). Played a few rounds of blackjack. Won some, lost some. Pretty average experience.",3,2025-12-05,de
25,336,9,43,Casino experience on our Mexican Riviera 7-Day cruise aboard the Koningsdam: Best casino experience I have had on any cruise line. Will definitely come back.,5,2025-11-09,en
26,474,5,22,The dealers on the Carnival Firenze were attentive. Won big on the slot machines! The atmosphere was electric with everyone cheering.,4,2025-10-13,en
27,225,1,2,The casino on the Mardi Gras was outstanding! Casino was extremely smoky. Needs better ventilation or a non-smoking section.,2,2025-10-27,en
28,215,6,28,Spent most evenings in the casino on the Carnival Panorama. The VIP room was a fantastic experience. Personalized service and higher limits.,5,2025-11-10,en
29,254,4,16,"Played a few rounds of blackjack. Won some, lost some. Pretty average experience. Overall, the Carnival Venezia casino gets a thumbs up from me.",3,2025-10-18,en
30,4,4,19,"Won big on the slot machines! The atmosphere was electric with everyone cheering. Overall, the Carnival Venezia casino gets a two thumbs up from me.",4,2025-11-18,es
31,81,9,41,"Loved the poker tournament on sea days. Well organized with good prize pools. Overall, the Koningsdam casino gets a strong avoid from me.",5,2025-10-11,en
32,109,10,48,Had a wonderful time at the craps tables on the Zuiderdam. The casino was okay. Not as large as I expected but had all the major games.,3,2025-11-07,en
33,158,2,10,"The casino on the Celebration was okay! Played a few rounds of blackjack. Won some, lost some. Pretty average experience.",3,2025-11-29,en
34,446,6,29,"Casino experience on our Southern Caribbean 10-Day cruise aboard the Carnival Panorama: Progressive jackpot slots were exciting. Someone won $15,000 on our sailing!",5,2025-11-23,en
35,151,9,43,"The dealers on the Koningsdam were slow. Spent a couple of evenings playing slots. Normal odds, nothing special to report.",3,2025-11-06,en
36,135,5,24,Spent most evenings in the casino on the Carnival Firenze. The casino was okay. Not as large as I expected but had all the major games.,3,2025-11-07,en
37,71,1,1,The casino on the Mardi Gras was terrible! The VIP room was a fantastic experience. Personalized service and higher limits.,4,2025-10-22,en
38,172,12,56,The dealers on the Volendam were professional. The VIP room was a fantastic experience. Personalized service and higher limits.,5,2025-10-19,en
39,293,12,57,I was thrilled by the slot machines on the Volendam. Drink service in the casino was painfully slow. Had to wait 30 minutes for a cocktail.,1,2025-10-22,en
40,364,5,24,I hated the slot machines on the Carnival Firenze. The casino was okay. Not as large as I expected but had all the major games.,3,2025-11-08,en
41,56,1,4,The dealers on the Mardi Gras were professional. Great selection of table games. The blackjack tables had reasonable minimums.,4,2025-10-31,en
42,283,4,17,Had a terrible time at the poker tables on the Carnival Venezia. Good for entertainment purposes but do not expect Vegas-level gaming.,3,2025-10-16,en
43,436,4,18,"First time playing baccarat on a cruise ship (Carnival Venezia). Played a few rounds of blackjack. Won some, lost some. Pretty average experience.",3,2025-11-05,en
44,402,3,13,I loved the slot machines on the Jubilee. Good for entertainment purposes but do not expect Vegas-level gaming.,3,2025-11-09,en
45,93,4,19,The dealers on the Carnival Venezia were professional. Loved the poker tournament on sea days. Well organized with good prize pools.,4,2025-11-17,en
46,444,4,20,The dealers on the Carnival Venezia were wonderful. Staff remembered my name by the second day. That personal touch made all the difference.,5,2025-11-13,en
47,387,3,14,I appreciated the slot machines on the Jubilee. Felt like the house edge was much higher than Las Vegas. Not great value.,1,2025-11-18,en
48,86,5,23,The casino on the Carnival Firenze was okay! Decent casino but nothing extraordinary. Standard cruise ship gaming experience.,3,2025-10-28,en
49,254,5,21,"First time playing baccarat on a cruise ship (Carnival Firenze). Progressive jackpot slots were exciting. Someone won $15,000 on our sailing!",4,2025-10-13,de
50,449,7,35,"The poker room closed too early. Would have liked late-night tournament options. Overall, the Rotterdam casino gets a strong avoid from me.",2,2025-11-10,en
51,59,7,34,The casino on the Rotterdam was terrible! Decent casino but nothing extraordinary. Standard cruise ship gaming experience.,3,2025-11-09,en
52,358,8,36,"Had a wonderful time at the blackjack tables on the Nieuw Statendam. Progressive jackpot slots were exciting. Someone won $15,000 on our sailing!",5,2025-10-15,en
53,84,5,25,Spent most evenings in the casino on the Carnival Firenze. Staff remembered my name by the second day. That personal touch made all the difference.,4,2025-11-19,en
54,320,2,6,"The casino on the Celebration was fantastic! Spent a couple of evenings playing slots. Normal odds, nothing special to report.",3,2025-10-16,en
55,42,11,53,The dealers on the Westerdam were attentive. The loyalty program rewards were outstanding. Got complimentary drinks all cruise.,5,2025-11-13,en
56,443,12,56,"The dealers were friendly and professional, made the experience really enjoyable. Overall, the Volendam casino gets a pass from me.",4,2025-10-19,en
57,152,7,33,Casino experience on our Southern Caribbean 10-Day cruise aboard the Rotterdam: The VIP room was a fantastic experience. Personalized service and higher limits.,4,2025-11-02,en
58,416,3,14,I enjoyed the slot machines on the Jubilee. Best casino experience I have had on any cruise line. Will definitely come back.,4,2025-11-21,en
59,401,8,37,I appreciated the slot machines on the Nieuw Statendam. The casino was okay. Not as large as I expected but had all the major games.,3,2025-10-23,en
60,315,2,10,Casino experience on our Hawaii 15-Day cruise aboard the Celebration: Best casino experience I have had on any cruise line. Will definitely come back.,4,2025-11-21,en
61,426,10,47,I hated the slot machines on the Zuiderdam. Good for entertainment purposes but do not expect Vegas-level gaming.,3,2025-10-16,en
62,326,1,5,Had a outstanding time at the craps tables on the Mardi Gras. ATM fees in the casino were outrageous. $8 per transaction is highway robbery.,2,2025-11-12,en
63,469,4,16,Spent most evenings in the casino on the Carnival Venezia. ATM fees in the casino were outrageous. $8 per transaction is highway robbery.,1,2025-10-08,en
64,21,9,45,I hated the slot machines on the Koningsdam. The loyalty tier system is confusing. Could not figure out how to earn or redeem points.,1,2025-11-23,en
65,395,10,49,Spent most evenings in the casino on the Zuiderdam. Good for entertainment purposes but do not expect Vegas-level gaming.,3,2025-11-17,en
66,402,10,47,The dealers on the Zuiderdam were attentive. Best casino experience I have had on any cruise line. Will definitely come back.,5,2025-10-17,en
67,422,2,10,Spent most evenings in the casino on the Celebration. Staff remembered my name by the second day. That personal touch made all the difference.,5,2025-11-26,en
68,429,2,7,The casino on the Celebration was amazing! The casino was okay. Not as large as I expected but had all the major games.,3,2025-10-30,es
69,400,9,42,The dealers on the Koningsdam were professional. The loyalty program rewards were outstanding. Got complimentary drinks all cruise.,4,2025-10-25,en
70,126,4,19,Spent most evenings in the casino on the Carnival Venezia. The loyalty program rewards were outstanding. Got complimentary drinks all cruise.,4,2025-11-13,en
71,460,9,41,First time playing craps on a cruise ship (Koningsdam). ATM fees in the casino were outrageous. $8 per transaction is highway robbery.,1,2025-10-11,en
72,148,6,29,I was thrilled by the slot machines on the Carnival Panorama. Won big on the slot machines! The atmosphere was electric with everyone cheering.,4,2025-11-15,en
73,201,12,56,"Spent most evenings in the casino on the Volendam. Progressive jackpot slots were exciting. Someone won $15,000 on our sailing!",4,2025-10-12,en
74,307,8,36,Had a great time at the craps tables on the Nieuw Statendam. Casino was beautifully decorated and spacious. Never felt crowded even on peak nights.,5,2025-10-16,en
75,46,6,27,Spent most evenings in the casino on the Carnival Panorama. Won big on the slot machines! The atmosphere was electric with everyone cheering.,4,2025-11-01,es
76,291,11,55,The dealers on the Westerdam were professional. The loyalty program rewards were outstanding. Got complimentary drinks all cruise.,4,2025-11-27,en
77,194,12,57,Spent most evenings in the casino on the Volendam. Casino was extremely smoky. Needs better ventilation or a non-smoking section.,2,2025-10-18,en
78,249,6,29,"Won big on the slot machines! The atmosphere was electric with everyone cheering. Overall, the Carnival Panorama casino gets a pass from me.",4,2025-11-18,en
79,101,4,19,Had a terrible time at the roulette tables on the Carnival Venezia. Staff remembered my name by the second day. That personal touch made all the difference.,4,2025-11-12,en
80,107,6,26,Had a mediocre time at the baccarat tables on the Carnival Panorama. Loved the poker tournament on sea days. Well organized with good prize pools.,4,2025-10-25,fr
81,277,12,57,"Casino experience on our Eastern Caribbean 7-Day cruise aboard the Volendam: Progressive jackpot slots were exciting. Someone won $15,000 on our sailing!",4,2025-10-19,en
82,169,12,58,"The dealers on the Volendam were excellent. Spent a couple of evenings playing slots. Normal odds, nothing special to report.",3,2025-10-31,en
83,1,6,29,"The loyalty tier system is confusing. Could not figure out how to earn or redeem points. Overall, the Carnival Panorama casino gets a solid recommendation from me.",2,2025-11-26,es
84,182,12,58,Spent most evenings in the casino on the Volendam. Best casino experience I have had on any cruise line. Will definitely come back.,5,2025-11-02,en
85,3,10,46,"Had a wonderful time at the craps tables on the Zuiderdam. Progressive jackpot slots were exciting. Someone won $15,000 on our sailing!",4,2025-10-13,en
86,427,10,47,"I was thrilled by the slot machines on the Zuiderdam. Spent a couple of evenings playing slots. Normal odds, nothing special to report.",3,2025-10-16,en
87,402,8,37,I was disappointed by the slot machines on the Nieuw Statendam. The loyalty program rewards were outstanding. Got complimentary drinks all cruise.,4,2025-10-20,en
88,42,8,37,Spent most evenings in the casino on the Nieuw Statendam. Good for entertainment purposes but do not expect Vegas-level gaming.,3,2025-10-21,en
89,446,5,21,Had a terrible time at the blackjack tables on the Carnival Firenze. Loved the poker tournament on sea days. Well organized with good prize pools.,4,2025-10-14,en
90,269,12,57,Spent most evenings in the casino on the Volendam. The loyalty tier system is confusing. Could not figure out how to earn or redeem points.,2,2025-10-24,de
91,83,8,39,The dealers on the Nieuw Statendam were rude. Casino was extremely smoky. Needs better ventilation or a non-smoking section.,1,2025-11-19,en
92,357,12,59,Casino experience on our Mexican Riviera 7-Day cruise aboard the Volendam: Won big on the slot machines! The atmosphere was electric with everyone cheering.,5,2025-10-31,en
93,292,11,51,First time playing craps on a cruise ship (Westerdam). The VIP room was a fantastic experience. Personalized service and higher limits.,4,2025-10-13,en
94,309,10,46,"I loved the slot machines on the Zuiderdam. Progressive jackpot slots were exciting. Someone won $15,000 on our sailing!",4,2025-10-13,en
95,235,2,9,"Staff remembered my name by the second day. That personal touch made all the difference. Overall, the Celebration casino gets a two thumbs up from me.",4,2025-11-04,en
96,244,9,42,"Decent casino but nothing extraordinary. Standard cruise ship gaming experience. Overall, the Koningsdam casino gets a pass from me.",3,2025-10-26,en
97,98,3,12,Casino experience on our Eastern Caribbean 7-Day cruise aboard the Jubilee: Great selection of table games. The blackjack tables had reasonable minimums.,5,2025-10-30,en
98,169,3,11,First time playing baccarat on a cruise ship (Jubilee). Best casino experience I have had on any cruise line. Will definitely come back.,5,2025-10-16,en
99,180,6,27,"The loyalty program rewards were outstanding. Got complimentary drinks all cruise. Overall, the Carnival Panorama casino gets a solid recommendation from me.",4,2025-10-28,en
100,231,9,44,The dealers on the Koningsdam were friendly. Dealers were rude and impatient with beginners. Not a welcoming environment.,2,2025-11-10,en
101,347,3,15,Spent most evenings in the casino on the Jubilee. Best casino experience I have had on any cruise line. Will definitely come back.,5,2025-11-20,en
102,257,3,14,Had a okay time at the poker tables on the Jubilee. The minimum bets were too high for casual players. $25 minimum blackjack is excessive.,1,2025-11-20,en
103,275,2,7,"Had a great time at the poker tables on the Celebration. Played a few rounds of blackjack. Won some, lost some. Pretty average experience.",3,2025-10-27,en
104,71,2,10,"The casino on the Celebration was decent! Spent a couple of evenings playing slots. Normal odds, nothing special to report.",3,2025-11-24,en
105,413,2,7,"I was thrilled by the slot machines on the Celebration. The dealers were friendly and professional, made the experience really enjoyable.",4,2025-10-21,en
106,188,12,56,First time playing roulette on a cruise ship (Volendam). The loyalty program rewards were outstanding. Got complimentary drinks all cruise.,5,2025-10-15,en
107,149,4,19,"I was disappointed by the slot machines on the Carnival Venezia. Progressive jackpot slots were exciting. Someone won $15,000 on our sailing!",4,2025-11-17,en
108,433,12,60,First time playing baccarat on a cruise ship (Volendam). The loyalty program rewards were outstanding. Got complimentary drinks all cruise.,5,2025-11-09,en
109,396,12,57,Had a decent time at the blackjack tables on the Volendam. Staff remembered my name by the second day. That personal touch made all the difference.,4,2025-10-23,en
110,53,12,57,"First time playing poker on a cruise ship (Volendam). Played a few rounds of blackjack. Won some, lost some. Pretty average experience.",3,2025-10-19,en
111,334,7,32,I appreciated the slot machines on the Rotterdam. The casino was too small for the number of passengers. Always crowded and noisy.,1,2025-10-29,en
112,29,10,47,Casino experience on our Western Caribbean 7-Day cruise aboard the Zuiderdam: Loved the poker tournament on sea days. Well organized with good prize pools.,4,2025-10-21,en
113,98,2,9,The casino on the Celebration was mediocre! Loved the poker tournament on sea days. Well organized with good prize pools.,4,2025-11-09,es
114,59,9,41,The dealers on the Koningsdam were rude. The casino was too small for the number of passengers. Always crowded and noisy.,2,2025-10-12,en
115,448,11,55,"Spent most evenings in the casino on the Westerdam. Played a few rounds of blackjack. Won some, lost some. Pretty average experience.",3,2025-11-30,en
116,132,4,20,The casino on the Carnival Venezia was disappointing! The loyalty tier system is confusing. Could not figure out how to earn or redeem points.,2,2025-11-23,en
117,432,9,41,The dealers on the Koningsdam were attentive. Casino was beautifully decorated and spacious. Never felt crowded even on peak nights.,4,2025-10-09,en
118,143,6,26,"I hated the slot machines on the Carnival Panorama. Spent a couple of evenings playing slots. Normal odds, nothing special to report.",3,2025-10-20,en
119,150,11,55,"The casino on the Westerdam was wonderful! The dealers were friendly and professional, made the experience really enjoyable.",4,2025-11-29,en
120,81,7,32,"Spent most evenings in the casino on the Rotterdam. Spent a couple of evenings playing slots. Normal odds, nothing special to report.",3,2025-10-25,en
121,74,4,19,"The casino on the Carnival Venezia was fantastic! Spent a couple of evenings playing slots. Normal odds, nothing special to report.",3,2025-11-07,en
122,191,5,22,Casino experience on our Bermuda 5-Day cruise aboard the Carnival Firenze: Felt like the house edge was much higher than Las Vegas. Not great value.,1,2025-10-12,en
123,144,9,41,I hated the slot machines on the Koningsdam. The poker room closed too early. Would have liked late-night tournament options.,1,2025-10-12,es
124,448,10,48,"Casino experience on our Mediterranean 14-Day cruise aboard the Zuiderdam: Played a few rounds of blackjack. Won some, lost some. Pretty average experience.",3,2025-10-31,en
125,477,11,52,Casino experience on our Hawaii 15-Day cruise aboard the Westerdam: Drink service in the casino was painfully slow. Had to wait 30 minutes for a cocktail.,1,2025-10-26,en
126,169,5,24,The dealers on the Carnival Firenze were rude. Decent casino but nothing extraordinary. Standard cruise ship gaming experience.,3,2025-11-12,de
127,280,10,46,First time playing blackjack on a cruise ship (Zuiderdam). Staff remembered my name by the second day. That personal touch made all the difference.,5,2025-10-11,en
128,297,2,10,First time playing blackjack on a cruise ship (Celebration). Staff remembered my name by the second day. That personal touch made all the difference.,4,2025-11-30,en
129,148,9,45,Casino experience on our Panama Canal 11-Day cruise aboard the Koningsdam: Casino was beautifully decorated and spacious. Never felt crowded even on peak nights.,4,2025-12-04,en
130,326,12,58,Casino experience on our Bahamas 4-Day cruise aboard the Volendam: Great selection of table games. The blackjack tables had reasonable minimums.,4,2025-11-04,fr
131,476,6,26,The casino on the Carnival Panorama was decent! Felt like the house edge was much higher than Las Vegas. Not great value.,2,2025-10-22,es
132,236,6,29,"I appreciated the slot machines on the Carnival Panorama. The dealers were friendly and professional, made the experience really enjoyable.",4,2025-11-22,en
133,155,12,59,"I hated the slot machines on the Volendam. Progressive jackpot slots were exciting. Someone won $15,000 on our sailing!",4,2025-11-04,en
134,142,11,52,Spent most evenings in the casino on the Westerdam. The VIP room was a fantastic experience. Personalized service and higher limits.,5,2025-10-27,es
135,285,1,4,The dealers on the Mardi Gras were attentive. Felt like the house edge was much higher than Las Vegas. Not great value.,2,2025-11-03,en
136,493,11,54,"Decent casino but nothing extraordinary. Standard cruise ship gaming experience. Overall, the Westerdam casino gets a thumbs up from me.",3,2025-11-29,en
137,432,6,29,The casino on the Carnival Panorama was okay! The loyalty program rewards were outstanding. Got complimentary drinks all cruise.,4,2025-11-18,en
138,44,1,1,Spent most evenings in the casino on the Mardi Gras. Staff remembered my name by the second day. That personal touch made all the difference.,4,2025-10-11,en
139,205,10,50,The dealers on the Zuiderdam were excellent. The casino was okay. Not as large as I expected but had all the major games.,3,2025-11-18,en
140,395,8,40,"First time playing poker on a cruise ship (Nieuw Statendam). Progressive jackpot slots were exciting. Someone won $15,000 on our sailing!",4,2025-11-24,en
141,430,1,4,Had a wonderful time at the baccarat tables on the Mardi Gras. Great selection of table games. The blackjack tables had reasonable minimums.,4,2025-11-04,en
142,436,12,57,Casino experience on our Eastern Caribbean 7-Day cruise aboard the Volendam: Casino was extremely smoky. Needs better ventilation or a non-smoking section.,1,2025-10-21,en
143,268,7,31,Casino experience on our Alaska 7-Day cruise aboard the Rotterdam: The VIP room was a fantastic experience. Personalized service and higher limits.,4,2025-10-10,en
144,347,7,32,"Casino experience on our Mexican Riviera 7-Day cruise aboard the Rotterdam: Spent a couple of evenings playing slots. Normal odds, nothing special to report.",3,2025-10-21,en
145,453,11,51,"Drink service in the casino was painfully slow. Had to wait 30 minutes for a cocktail. Overall, the Westerdam casino gets a solid recommendation from me.",2,2025-10-09,en
146,217,5,24,Spent most evenings in the casino on the Carnival Firenze. Casino was extremely smoky. Needs better ventilation or a non-smoking section.,2,2025-11-09,en
147,98,5,23,First time playing blackjack on a cruise ship (Carnival Firenze). Drink service in the casino was painfully slow. Had to wait 30 minutes for a cocktail.,1,2025-11-07,en
148,252,9,42,The dealers on the Koningsdam were rude. Great selection of table games. The blackjack tables had reasonable minimums.,5,2025-11-02,en
149,350,8,40,"First time playing poker on a cruise ship (Nieuw Statendam). Progressive jackpot slots were exciting. Someone won $15,000 on our sailing!",5,2025-11-23,en
150,179,12,59,"Won big on the slot machines! The atmosphere was electric with everyone cheering. Overall, the Volendam casino gets a two thumbs up from me.",5,2025-11-03,en
151,362,9,43,First time playing blackjack on a cruise ship (Koningsdam). The casino was okay. Not as large as I expected but had all the major games.,3,2025-11-10,en
152,395,8,37,"Had a okay time at the baccarat tables on the Nieuw Statendam. Played a few rounds of blackjack. Won some, lost some. Pretty average experience.",3,2025-10-23,en
153,236,8,39,First time playing slots on a cruise ship (Nieuw Statendam). Loved the poker tournament on sea days. Well organized with good prize pools.,5,2025-11-15,en
154,362,9,45,I loved the slot machines on the Koningsdam. Drink service in the casino was painfully slow. Had to wait 30 minutes for a cocktail.,1,2025-12-05,en
155,440,9,42,I was disappointed by the slot machines on the Koningsdam. The VIP room was a fantastic experience. Personalized service and higher limits.,4,2025-11-01,en
156,419,12,59,"Good for entertainment purposes but do not expect Vegas-level gaming. Overall, the Volendam casino gets a pass from me.",3,2025-11-11,en
157,109,9,41,"Great selection of table games. The blackjack tables had reasonable minimums. Overall, the Koningsdam casino gets a strong avoid from me.",4,2025-10-10,en
158,420,5,22,The dealers on the Carnival Firenze were attentive. The minimum bets were too high for casual players. $25 minimum blackjack is excessive.,2,2025-10-19,en
159,404,5,24,Spent most evenings in the casino on the Carnival Firenze. The loyalty program rewards were outstanding. Got complimentary drinks all cruise.,5,2025-11-09,en
160,289,10,46,"First time playing poker on a cruise ship (Zuiderdam). The dealers were friendly and professional, made the experience really enjoyable.",4,2025-10-19,en
161,20,4,16,"The casino on the Carnival Venezia was mediocre! The dealers were friendly and professional, made the experience really enjoyable.",4,2025-10-14,en
162,314,8,40,"Good for entertainment purposes but do not expect Vegas-level gaming. Overall, the Nieuw Statendam casino gets a mixed review from me.",3,2025-11-25,en
163,137,7,31,"The dealers on the Rotterdam were slow. Played a few rounds of blackjack. Won some, lost some. Pretty average experience.",3,2025-10-20,en
164,96,4,16,The casino on the Carnival Venezia was wonderful! Dealers were rude and impatient with beginners. Not a welcoming environment.,2,2025-10-13,en
165,376,12,58,"Had a disappointing time at the poker tables on the Volendam. Progressive jackpot slots were exciting. Someone won $15,000 on our sailing!",5,2025-10-23,en
166,384,4,20,The dealers on the Carnival Venezia were professional. Great selection of table games. The blackjack tables had reasonable minimums.,4,2025-11-21,en
167,274,2,8,The casino on the Celebration was decent! Great selection of table games. The blackjack tables had reasonable minimums.,4,2025-10-26,en
168,377,10,47,Spent most evenings in the casino on the Zuiderdam. Casino was extremely smoky. Needs better ventilation or a non-smoking section.,1,2025-10-15,en
169,378,7,31,"Drink service in the casino was painfully slow. Had to wait 30 minutes for a cocktail. Overall, the Rotterdam casino gets a strong avoid from me.",2,2025-10-19,en
170,448,2,9,"Had a disappointing time at the slots tables on the Celebration. Progressive jackpot slots were exciting. Someone won $15,000 on our sailing!",4,2025-11-12,en
171,226,6,30,"Had a wonderful time at the poker tables on the Carnival Panorama. Progressive jackpot slots were exciting. Someone won $15,000 on our sailing!",5,2025-12-04,fr
172,373,4,18,"First time playing craps on a cruise ship (Carnival Venezia). The dealers were friendly and professional, made the experience really enjoyable.",4,2025-11-09,en
173,259,2,8,Had a disappointing time at the craps tables on the Celebration. Casino was beautifully decorated and spacious. Never felt crowded even on peak nights.,4,2025-10-27,en
174,296,8,36,"Won big on the slot machines! The atmosphere was electric with everyone cheering. Overall, the Nieuw Statendam casino gets a two thumbs up from me.",4,2025-10-17,en
175,299,6,28,Had a decent time at the craps tables on the Carnival Panorama. The minimum bets were too high for casual players. $25 minimum blackjack is excessive.,2,2025-11-10,en
176,202,11,52,Had a amazing time at the slots tables on the Westerdam. Casino was extremely smoky. Needs better ventilation or a non-smoking section.,1,2025-10-28,en
177,309,2,10,"Spent a couple of evenings playing slots. Normal odds, nothing special to report. Overall, the Celebration casino gets a thumbs up from me.",3,2025-11-19,de
178,211,2,6,Casino experience on our Southern Caribbean 10-Day cruise aboard the Celebration: Great selection of table games. The blackjack tables had reasonable minimums.,4,2025-10-16,es
179,366,5,21,I appreciated the slot machines on the Carnival Firenze. Casino was extremely smoky. Needs better ventilation or a non-smoking section.,1,2025-10-06,es
180,36,4,16,Casino experience on our Bahamas 4-Day cruise aboard the Carnival Venezia: Decent casino but nothing extraordinary. Standard cruise ship gaming experience.,3,2025-10-07,en
181,348,8,39,I was disappointed by the slot machines on the Nieuw Statendam. The loyalty program rewards were outstanding. Got complimentary drinks all cruise.,4,2025-11-13,en
182,184,6,27,"The dealers were friendly and professional, made the experience really enjoyable. Overall, the Carnival Panorama casino gets a pass from me.",5,2025-11-02,en
183,440,4,19,The casino on the Carnival Venezia was wonderful! ATM fees in the casino were outrageous. $8 per transaction is highway robbery.,2,2025-11-05,en
184,150,5,21,I loved the slot machines on the Carnival Firenze. The VIP room was a fantastic experience. Personalized service and higher limits.,5,2025-10-15,en
185,10,11,55,Casino experience on our Bahamas 4-Day cruise aboard the Westerdam: Felt like the house edge was much higher than Las Vegas. Not great value.,1,2025-11-29,en
186,468,1,3,Had a great time at the roulette tables on the Mardi Gras. Drink service in the casino was painfully slow. Had to wait 30 minutes for a cocktail.,1,2025-10-25,en
187,385,12,58,"The casino on the Volendam was terrible! The dealers were friendly and professional, made the experience really enjoyable.",4,2025-11-04,en
188,266,10,46,Had a mediocre time at the slots tables on the Zuiderdam. Best casino experience I have had on any cruise line. Will definitely come back.,5,2025-10-13,en
189,148,11,54,The casino on the Westerdam was fantastic! Slot machines seemed very tight. Played for hours without any significant wins.,2,2025-11-19,en
190,48,10,48,First time playing slots on a cruise ship (Zuiderdam). Casino was beautifully decorated and spacious. Never felt crowded even on peak nights.,5,2025-11-09,en
191,289,7,33,"Played a few rounds of blackjack. Won some, lost some. Pretty average experience. Overall, the Rotterdam casino gets a mixed review from me.",3,2025-11-07,en
192,427,6,28,The dealers on the Carnival Panorama were excellent. Staff remembered my name by the second day. That personal touch made all the difference.,4,2025-11-12,en
193,63,5,24,"Progressive jackpot slots were exciting. Someone won $15,000 on our sailing! Overall, the Carnival Firenze casino gets a mixed review from me.",4,2025-11-06,en
194,349,12,57,"Spent most evenings in the casino on the Volendam. Spent a couple of evenings playing slots. Normal odds, nothing special to report.",3,2025-10-25,en
195,340,4,17,"Casino experience on our Bermuda 5-Day cruise aboard the Carnival Venezia: Spent a couple of evenings playing slots. Normal odds, nothing special to report.",3,2025-10-18,en
196,29,5,23,First time playing poker on a cruise ship (Carnival Firenze). Staff remembered my name by the second day. That personal touch made all the difference.,5,2025-10-27,en
197,190,6,27,"Casino experience on our Mexican Riviera 7-Day cruise aboard the Carnival Panorama: The dealers were friendly and professional, made the experience really enjoyable.",5,2025-10-29,es
198,497,11,55,Had a fantastic time at the poker tables on the Westerdam. Casino was beautifully decorated and spacious. Never felt crowded even on peak nights.,5,2025-12-02,en
199,488,10,50,I appreciated the slot machines on the Zuiderdam. The VIP room was a fantastic experience. Personalized service and higher limits.,5,2025-11-16,en
200,476,7,33,I appreciated the slot machines on the Rotterdam. Drink service in the casino was painfully slow. Had to wait 30 minutes for a cocktail.,2,2025-11-03,en
201,369,11,53,The dealers on the Westerdam were professional. The casino was okay. Not as large as I expected but had all the major games.,3,2025-11-08,en
202,251,4,16,The casino on the Carnival Venezia was terrible! Casino was beautifully decorated and spacious. Never felt crowded even on peak nights.,5,2025-10-13,es
203,152,12,58,The dealers on the Volendam were professional. Decent casino but nothing extraordinary. Standard cruise ship gaming experience.,3,2025-11-03,de
204,489,8,37,Had a wonderful time at the roulette tables on the Nieuw Statendam. The loyalty program rewards were outstanding. Got complimentary drinks all cruise.,5,2025-10-18,en
205,30,12,57,First time playing poker on a cruise ship (Volendam). Decent casino but nothing extraordinary. Standard cruise ship gaming experience.,3,2025-10-20,en
206,384,7,35,"The VIP room was a fantastic experience. Personalized service and higher limits. Overall, the Rotterdam casino gets a two thumbs up from me.",4,2025-11-15,en
207,77,1,4,Spent most evenings in the casino on the Mardi Gras. The minimum bets were too high for casual players. $25 minimum blackjack is excessive.,2,2025-11-12,en
208,379,9,43,"Spent most evenings in the casino on the Koningsdam. Spent a couple of evenings playing slots. Normal odds, nothing special to report.",3,2025-11-05,en
209,248,9,43,"Great selection of table games. The blackjack tables had reasonable minimums. Overall, the Koningsdam casino gets a solid recommendation from me.",4,2025-11-06,en
210,270,5,23,Casino experience on our Mediterranean 14-Day cruise aboard the Carnival Firenze: The minimum bets were too high for casual players. $25 minimum blackjack is excessive.,1,2025-11-02,en
211,188,11,53,The casino on the Westerdam was disappointing! Staff remembered my name by the second day. That personal touch made all the difference.,5,2025-11-13,es
212,410,10,46,Had a decent time at the craps tables on the Zuiderdam. The VIP room was a fantastic experience. Personalized service and higher limits.,5,2025-10-17,en
213,27,12,58,Spent most evenings in the casino on the Volendam. The loyalty program rewards were outstanding. Got complimentary drinks all cruise.,4,2025-10-31,en
214,82,9,42,"The dealers on the Koningsdam were professional. Played a few rounds of blackjack. Won some, lost some. Pretty average experience.",3,2025-11-07,es
215,189,4,17,First time playing blackjack on a cruise ship (Carnival Venezia). Slot machines seemed very tight. Played for hours without any significant wins.,2,2025-10-12,en
216,167,9,42,"Casino experience on our Hawaii 15-Day cruise aboard the Koningsdam: Played a few rounds of blackjack. Won some, lost some. Pretty average experience.",3,2025-11-01,en
217,152,8,37,Spent most evenings in the casino on the Nieuw Statendam. Good for entertainment purposes but do not expect Vegas-level gaming.,3,2025-10-28,en
218,290,3,14,"Best casino experience I have had on any cruise line. Will definitely come back. Overall, the Jubilee casino gets a thumbs up from me.",4,2025-11-14,en
219,342,12,57,I hated the slot machines on the Volendam. The VIP room was a fantastic experience. Personalized service and higher limits.,4,2025-10-17,en
220,319,11,51,The dealers on the Westerdam were friendly. The casino was okay. Not as large as I expected but had all the major games.,3,2025-10-09,en
221,398,2,7,Had a decent time at the poker tables on the Celebration. Slot machines seemed very tight. Played for hours without any significant wins.,2,2025-10-24,en
222,360,3,12,I was thrilled by the slot machines on the Jubilee. Casino was beautifully decorated and spacious. Never felt crowded even on peak nights.,5,2025-11-06,en
223,52,11,51,First time playing baccarat on a cruise ship (Westerdam). The loyalty program rewards were outstanding. Got complimentary drinks all cruise.,5,2025-10-12,en
224,452,5,22,The dealers on the Carnival Firenze were excellent. Great selection of table games. The blackjack tables had reasonable minimums.,5,2025-10-12,en
225,362,6,30,Casino experience on our Mediterranean 14-Day cruise aboard the Carnival Panorama: Felt like the house edge was much higher than Las Vegas. Not great value.,2,2025-12-04,en
226,253,5,24,"I hated the slot machines on the Carnival Firenze. Played a few rounds of blackjack. Won some, lost some. Pretty average experience.",3,2025-11-13,de
227,110,9,43,Casino experience on our Mexican Riviera 7-Day cruise aboard the Koningsdam: Good for entertainment purposes but do not expect Vegas-level gaming.,3,2025-11-08,es
228,415,5,25,"Casino experience on our Panama Canal 11-Day cruise aboard the Carnival Firenze: The dealers were friendly and professional, made the experience really enjoyable.",4,2025-11-24,en
229,116,11,53,First time playing baccarat on a cruise ship (Westerdam). Loved the poker tournament on sea days. Well organized with good prize pools.,5,2025-11-04,en
230,399,8,36,I was disappointed by the slot machines on the Nieuw Statendam. ATM fees in the casino were outrageous. $8 per transaction is highway robbery.,2,2025-10-09,en
231,288,2,8,Had a wonderful time at the slots tables on the Celebration. ATM fees in the casino were outrageous. $8 per transaction is highway robbery.,2,2025-11-05,en
232,89,8,39,First time playing craps on a cruise ship (Nieuw Statendam). Won big on the slot machines! The atmosphere was electric with everyone cheering.,4,2025-11-13,en
233,59,8,36,I hated the slot machines on the Nieuw Statendam. Decent casino but nothing extraordinary. Standard cruise ship gaming experience.,3,2025-10-10,en
234,297,5,24,"Casino experience on our Bahamas 4-Day cruise aboard the Carnival Firenze: Progressive jackpot slots were exciting. Someone won $15,000 on our sailing!",5,2025-11-04,en
235,88,1,2,The dealers on the Mardi Gras were friendly. Staff remembered my name by the second day. That personal touch made all the difference.,4,2025-10-21,en
236,27,6,26,"Spent most evenings in the casino on the Carnival Panorama. Played a few rounds of blackjack. Won some, lost some. Pretty average experience.",3,2025-10-25,en
237,227,10,49,Casino experience on our Western Caribbean 7-Day cruise aboard the Zuiderdam: The loyalty program rewards were outstanding. Got complimentary drinks all cruise.,4,2025-11-18,en
238,271,10,46,The casino on the Zuiderdam was outstanding! Loved the poker tournament on sea days. Well organized with good prize pools.,5,2025-10-18,en
239,347,10,50,Casino experience on our Bermuda 5-Day cruise aboard the Zuiderdam: Best casino experience I have had on any cruise line. Will definitely come back.,5,2025-11-22,en
240,315,10,50,"The casino on the Zuiderdam was wonderful! Progressive jackpot slots were exciting. Someone won $15,000 on our sailing!",4,2025-11-20,en
241,24,6,26,I enjoyed the slot machines on the Carnival Panorama. Loved the poker tournament on sea days. Well organized with good prize pools.,5,2025-10-28,en
242,364,6,27,"Best casino experience I have had on any cruise line. Will definitely come back. Overall, the Carnival Panorama casino gets a strong avoid from me.",4,2025-10-29,en
243,310,10,46,The casino on the Zuiderdam was great! Casino was beautifully decorated and spacious. Never felt crowded even on peak nights.,5,2025-10-18,en
244,240,7,32,"Great selection of table games. The blackjack tables had reasonable minimums. Overall, the Rotterdam casino gets a strong avoid from me.",5,2025-10-21,en
245,15,10,46,"Progressive jackpot slots were exciting. Someone won $15,000 on our sailing! Overall, the Zuiderdam casino gets a two thumbs up from me.",5,2025-10-07,en
246,118,12,57,The dealers on the Volendam were rude. Great selection of table games. The blackjack tables had reasonable minimums.,4,2025-10-26,en
247,397,10,49,The dealers on the Zuiderdam were excellent. The casino was okay. Not as large as I expected but had all the major games.,3,2025-11-19,en
248,398,1,1,Had a wonderful time at the roulette tables on the Mardi Gras. Dealers were rude and impatient with beginners. Not a welcoming environment.,2,2025-10-11,en
249,450,12,60,Had a mediocre time at the poker tables on the Volendam. Loved the poker tournament on sea days. Well organized with good prize pools.,4,2025-11-17,es
250,391,4,20,The dealers on the Carnival Venezia were impatient. The loyalty tier system is confusing. Could not figure out how to earn or redeem points.,2,2025-11-11,en
251,26,7,33,The casino on the Rotterdam was okay! Won big on the slot machines! The atmosphere was electric with everyone cheering.,5,2025-11-01,en
252,299,12,57,"The dealers on the Volendam were wonderful. Played a few rounds of blackjack. Won some, lost some. Pretty average experience.",3,2025-10-19,en
253,410,7,33,I was disappointed by the slot machines on the Rotterdam. Best casino experience I have had on any cruise line. Will definitely come back.,4,2025-10-30,es
254,46,3,11,"Spent a couple of evenings playing slots. Normal odds, nothing special to report. Overall, the Jubilee casino gets a solid recommendation from me.",3,2025-10-23,en
255,307,2,10,"Casino experience on our Hawaii 15-Day cruise aboard the Celebration: Played a few rounds of blackjack. Won some, lost some. Pretty average experience.",3,2025-11-30,en
256,236,7,35,Casino experience on our Alaska 7-Day cruise aboard the Rotterdam: The loyalty program rewards were outstanding. Got complimentary drinks all cruise.,5,2025-11-16,en
257,261,9,45,The dealers on the Koningsdam were professional. Best casino experience I have had on any cruise line. Will definitely come back.,5,2025-11-27,en
258,64,8,36,"Had a mediocre time at the baccarat tables on the Nieuw Statendam. Played a few rounds of blackjack. Won some, lost some. Pretty average experience.",3,2025-10-20,en
259,10,1,3,First time playing roulette on a cruise ship (Mardi Gras). The casino was okay. Not as large as I expected but had all the major games.,3,2025-10-29,en
260,168,8,38,I was disappointed by the slot machines on the Nieuw Statendam. Good for entertainment purposes but do not expect Vegas-level gaming.,3,2025-11-13,en
261,110,6,27,Casino experience on our Mexican Riviera 7-Day cruise aboard the Carnival Panorama: The casino was okay. Not as large as I expected but had all the major games.,3,2025-11-02,en
262,175,1,4,"I was thrilled by the slot machines on the Mardi Gras. The dealers were friendly and professional, made the experience really enjoyable.",4,2025-11-11,en
263,462,3,12,"Spent most evenings in the casino on the Jubilee. Spent a couple of evenings playing slots. Normal odds, nothing special to report.",3,2025-10-25,en
264,57,4,20,Spent most evenings in the casino on the Carnival Venezia. Casino was beautifully decorated and spacious. Never felt crowded even on peak nights.,4,2025-11-14,en
265,454,11,52,"The VIP room was a fantastic experience. Personalized service and higher limits. Overall, the Westerdam casino gets a solid recommendation from me.",5,2025-11-06,en
266,463,11,55,The dealers on the Westerdam were attentive. Casino was beautifully decorated and spacious. Never felt crowded even on peak nights.,4,2025-12-03,en
267,491,7,35,The casino on the Rotterdam was amazing! Staff remembered my name by the second day. That personal touch made all the difference.,5,2025-11-22,en
268,34,6,26,"First time playing craps on a cruise ship (Carnival Panorama). Progressive jackpot slots were exciting. Someone won $15,000 on our sailing!",4,2025-10-23,en
269,269,9,43,Spent most evenings in the casino on the Koningsdam. Casino was extremely smoky. Needs better ventilation or a non-smoking section.,1,2025-11-08,en
270,40,11,55,"The dealers were friendly and professional, made the experience really enjoyable. Overall, the Westerdam casino gets a strong avoid from me.",4,2025-12-01,en
271,323,2,7,Spent most evenings in the casino on the Celebration. The VIP room was a fantastic experience. Personalized service and higher limits.,5,2025-10-25,en
272,79,4,20,Had a decent time at the slots tables on the Carnival Venezia. The VIP room was a fantastic experience. Personalized service and higher limits.,5,2025-11-12,es
273,251,12,56,I was disappointed by the slot machines on the Volendam. Dealers were rude and impatient with beginners. Not a welcoming environment.,2,2025-10-13,en
274,152,4,20,Casino experience on our Bermuda 5-Day cruise aboard the Carnival Venezia: Staff remembered my name by the second day. That personal touch made all the difference.,4,2025-11-22,en
275,135,1,4,Had a amazing time at the slots tables on the Mardi Gras. Drink service in the casino was painfully slow. Had to wait 30 minutes for a cocktail.,2,2025-11-02,en
276,318,5,22,The dealers on the Carnival Firenze were impatient. Staff remembered my name by the second day. That personal touch made all the difference.,5,2025-10-20,en
277,39,5,24,"Progressive jackpot slots were exciting. Someone won $15,000 on our sailing! Overall, the Carnival Firenze casino gets a thumbs up from me.",4,2025-11-02,en
278,295,8,39,Casino experience on our Western Caribbean 7-Day cruise aboard the Nieuw Statendam: Good for entertainment purposes but do not expect Vegas-level gaming.,3,2025-11-14,en
279,462,11,55,First time playing slots on a cruise ship (Westerdam). Won big on the slot machines! The atmosphere was electric with everyone cheering.,5,2025-12-04,en
280,297,11,55,The casino on the Westerdam was decent! Casino was extremely smoky. Needs better ventilation or a non-smoking section.,1,2025-12-02,en
281,264,12,59,I loved the slot machines on the Volendam. Dealers were rude and impatient with beginners. Not a welcoming environment.,2,2025-10-30,en
282,151,3,11,"First time playing blackjack on a cruise ship (Jubilee). The dealers were friendly and professional, made the experience really enjoyable.",5,2025-10-20,fr
283,195,3,14,I hated the slot machines on the Jubilee. Loved the poker tournament on sea days. Well organized with good prize pools.,4,2025-11-16,en
284,418,5,22,The casino on the Carnival Firenze was fantastic! Casino was beautifully decorated and spacious. Never felt crowded even on peak nights.,5,2025-10-19,fr
285,247,5,25,"Had a terrible time at the baccarat tables on the Carnival Firenze. Spent a couple of evenings playing slots. Normal odds, nothing special to report.",3,2025-11-19,en
286,497,1,2,"The dealers were friendly and professional, made the experience really enjoyable. Overall, the Mardi Gras casino gets a strong avoid from me.",4,2025-10-29,en
287,445,6,30,Had a amazing time at the craps tables on the Carnival Panorama. The loyalty tier system is confusing. Could not figure out how to earn or redeem points.,2,2025-12-10,en
288,163,4,19,"Casino was extremely smoky. Needs better ventilation or a non-smoking section. Overall, the Carnival Venezia casino gets a mixed review from me.",2,2025-11-14,en
289,496,5,23,First time playing baccarat on a cruise ship (Carnival Firenze). Casino was beautifully decorated and spacious. Never felt crowded even on peak nights.,4,2025-11-09,en
290,291,10,48,"Great selection of table games. The blackjack tables had reasonable minimums. Overall, the Zuiderdam casino gets a thumbs up from me.",5,2025-11-02,en
291,78,3,14,I hated the slot machines on the Jubilee. The loyalty program rewards were outstanding. Got complimentary drinks all cruise.,5,2025-11-09,en
292,317,7,33,Had a fantastic time at the slots tables on the Rotterdam. The minimum bets were too high for casual players. $25 minimum blackjack is excessive.,2,2025-11-08,en
293,475,3,11,Had a decent time at the poker tables on the Jubilee. The loyalty program rewards were outstanding. Got complimentary drinks all cruise.,4,2025-10-25,en
294,388,11,51,Casino experience on our Mexican Riviera 7-Day cruise aboard the Westerdam: Great selection of table games. The blackjack tables had reasonable minimums.,5,2025-10-10,en
295,33,4,16,First time playing blackjack on a cruise ship (Carnival Venezia). Loved the poker tournament on sea days. Well organized with good prize pools.,4,2025-10-16,en
296,67,2,6,"Slot machines seemed very tight. Played for hours without any significant wins. Overall, the Celebration casino gets a thumbs up from me.",2,2025-10-14,en
297,198,10,48,The dealers on the Zuiderdam were slow. Decent casino but nothing extraordinary. Standard cruise ship gaming experience.,3,2025-11-01,en
298,463,12,58,"Progressive jackpot slots were exciting. Someone won $15,000 on our sailing! Overall, the Volendam casino gets a mixed review from me.",5,2025-10-25,en
299,261,2,7,I appreciated the slot machines on the Celebration. Casino was extremely smoky. Needs better ventilation or a non-smoking section.,1,2025-11-02,en
300,188,7,32,Spent most evenings in the casino on the Rotterdam. ATM fees in the casino were outrageous. $8 per transaction is highway robbery.,2,2025-10-29,fr
301,457,1,4,Had a amazing time at the baccarat tables on the Mardi Gras. Won big on the slot machines! The atmosphere was electric with everyone cheering.,4,2025-11-11,en
302,403,7,32,"First time playing baccarat on a cruise ship (Rotterdam). The dealers were friendly and professional, made the experience really enjoyable.",5,2025-10-30,en
303,430,10,47,Casino experience on our Western Caribbean 7-Day cruise aboard the Zuiderdam: Loved the poker tournament on sea days. Well organized with good prize pools.,4,2025-10-22,en
304,364,7,32,First time playing baccarat on a cruise ship (Rotterdam). Casino was beautifully decorated and spacious. Never felt crowded even on peak nights.,4,2025-10-21,en
305,456,7,34,Casino experience on our Bahamas 4-Day cruise aboard the Rotterdam: The loyalty program rewards were outstanding. Got complimentary drinks all cruise.,4,2025-11-13,en
306,454,11,54,"Had a terrible time at the craps tables on the Westerdam. Progressive jackpot slots were exciting. Someone won $15,000 on our sailing!",5,2025-11-27,en
307,355,3,15,"I appreciated the slot machines on the Jubilee. Spent a couple of evenings playing slots. Normal odds, nothing special to report.",3,2025-11-15,fr
308,231,11,51,I hated the slot machines on the Westerdam. The loyalty tier system is confusing. Could not figure out how to earn or redeem points.,1,2025-10-14,en
309,305,8,38,The dealers on the Nieuw Statendam were excellent. Loved the poker tournament on sea days. Well organized with good prize pools.,4,2025-11-08,en
310,225,11,53,Spent most evenings in the casino on the Westerdam. The casino was too small for the number of passengers. Always crowded and noisy.,2,2025-11-06,es
311,484,12,60,Spent most evenings in the casino on the Volendam. The poker room closed too early. Would have liked late-night tournament options.,2,2025-11-20,en
312,73,12,58,The casino on the Volendam was terrible! The casino was okay. Not as large as I expected but had all the major games.,3,2025-11-02,en
313,75,11,51,First time playing baccarat on a cruise ship (Westerdam). Great selection of table games. The blackjack tables had reasonable minimums.,4,2025-10-13,en
314,229,1,4,"Progressive jackpot slots were exciting. Someone won $15,000 on our sailing! Overall, the Mardi Gras casino gets a strong avoid from me.",4,2025-11-07,en
315,446,2,9,Spent most evenings in the casino on the Celebration. The loyalty tier system is confusing. Could not figure out how to earn or redeem points.,2,2025-11-06,en
316,459,2,7,I appreciated the slot machines on the Celebration. The loyalty program rewards were outstanding. Got complimentary drinks all cruise.,5,2025-10-28,en
317,227,3,11,"Spent most evenings in the casino on the Jubilee. Played a few rounds of blackjack. Won some, lost some. Pretty average experience.",3,2025-10-27,en
318,136,8,40,"The VIP room was a fantastic experience. Personalized service and higher limits. Overall, the Nieuw Statendam casino gets a mixed review from me.",5,2025-11-25,es
319,32,2,8,Spent most evenings in the casino on the Celebration. The casino was okay. Not as large as I expected but had all the major games.,3,2025-11-07,en
320,70,10,50,"First time playing poker on a cruise ship (Zuiderdam). Progressive jackpot slots were exciting. Someone won $15,000 on our sailing!",5,2025-11-26,en
321,431,2,6,"Casino experience on our Southern Caribbean 10-Day cruise aboard the Celebration: Progressive jackpot slots were exciting. Someone won $15,000 on our sailing!",4,2025-10-18,en
322,163,5,23,The dealers on the Carnival Firenze were attentive. The casino was too small for the number of passengers. Always crowded and noisy.,1,2025-11-09,en
323,100,12,56,First time playing slots on a cruise ship (Volendam). Good for entertainment purposes but do not expect Vegas-level gaming.,3,2025-10-16,en
324,407,9,44,Spent most evenings in the casino on the Koningsdam. Drink service in the casino was painfully slow. Had to wait 30 minutes for a cocktail.,1,2025-11-13,fr
325,479,4,19,"Spent most evenings in the casino on the Carnival Venezia. Played a few rounds of blackjack. Won some, lost some. Pretty average experience.",3,2025-11-10,en
326,73,11,51,I was disappointed by the slot machines on the Westerdam. Best casino experience I have had on any cruise line. Will definitely come back.,4,2025-10-21,en
327,33,6,27,The casino on the Carnival Panorama was wonderful! Drink service in the casino was painfully slow. Had to wait 30 minutes for a cocktail.,2,2025-10-25,en
328,450,2,7,Spent most evenings in the casino on the Celebration. Decent casino but nothing extraordinary. Standard cruise ship gaming experience.,3,2025-10-20,en
329,478,6,30,I hated the slot machines on the Carnival Panorama. Won big on the slot machines! The atmosphere was electric with everyone cheering.,4,2025-12-01,en
330,433,11,51,I loved the slot machines on the Westerdam. Dealers were rude and impatient with beginners. Not a welcoming environment.,2,2025-10-13,en
331,146,10,46,Casino experience on our Bermuda 5-Day cruise aboard the Zuiderdam: ATM fees in the casino were outrageous. $8 per transaction is highway robbery.,2,2025-10-07,en
332,439,2,9,The casino on the Celebration was okay! Felt like the house edge was much higher than Las Vegas. Not great value.,1,2025-11-09,en
333,15,6,29,"First time playing slots on a cruise ship (Carnival Panorama). Progressive jackpot slots were exciting. Someone won $15,000 on our sailing!",4,2025-11-25,en
334,324,3,13,Casino experience on our Eastern Caribbean 7-Day cruise aboard the Jubilee: Good for entertainment purposes but do not expect Vegas-level gaming.,3,2025-11-12,en
335,75,2,8,Spent most evenings in the casino on the Celebration. The casino was okay. Not as large as I expected but had all the major games.,3,2025-11-04,es
336,120,5,23,First time playing baccarat on a cruise ship (Carnival Firenze). Dealers were rude and impatient with beginners. Not a welcoming environment.,2,2025-10-29,de
337,317,1,1,Had a amazing time at the craps tables on the Mardi Gras. Casino was beautifully decorated and spacious. Never felt crowded even on peak nights.,4,2025-10-18,en
338,326,12,57,Casino experience on our Eastern Caribbean 7-Day cruise aboard the Volendam: Loved the poker tournament on sea days. Well organized with good prize pools.,5,2025-10-26,en
339,72,6,30,First time playing slots on a cruise ship (Carnival Panorama). Great selection of table games. The blackjack tables had reasonable minimums.,4,2025-12-04,en
340,147,4,17,Casino experience on our Bermuda 5-Day cruise aboard the Carnival Venezia: Casino was beautifully decorated and spacious. Never felt crowded even on peak nights.,4,2025-10-24,en
341,319,9,45,Casino experience on our Panama Canal 11-Day cruise aboard the Koningsdam: Best casino experience I have had on any cruise line. Will definitely come back.,4,2025-11-24,en
342,279,1,3,Had a amazing time at the blackjack tables on the Mardi Gras. Casino was beautifully decorated and spacious. Never felt crowded even on peak nights.,4,2025-11-03,en
343,442,6,26,Spent most evenings in the casino on the Carnival Panorama. Felt like the house edge was much higher than Las Vegas. Not great value.,2,2025-10-19,en
344,486,3,11,The casino on the Jubilee was mediocre! Loved the poker tournament on sea days. Well organized with good prize pools.,5,2025-10-20,en
345,306,1,5,"The dealers were friendly and professional, made the experience really enjoyable. Overall, the Mardi Gras casino gets a solid recommendation from me.",4,2025-11-13,es
346,254,9,43,Spent most evenings in the casino on the Koningsdam. Drink service in the casino was painfully slow. Had to wait 30 minutes for a cocktail.,2,2025-11-10,en
347,251,2,7,I loved the slot machines on the Celebration. The VIP room was a fantastic experience. Personalized service and higher limits.,4,2025-10-26,en
348,257,7,31,First time playing baccarat on a cruise ship (Rotterdam). The loyalty program rewards were outstanding. Got complimentary drinks all cruise.,4,2025-10-12,en
349,243,1,5,"Played a few rounds of blackjack. Won some, lost some. Pretty average experience. Overall, the Mardi Gras casino gets a mixed review from me.",3,2025-11-16,en
350,447,2,6,"ATM fees in the casino were outrageous. $8 per transaction is highway robbery. Overall, the Celebration casino gets a two thumbs up from me.",2,2025-10-12,en
351,146,12,58,First time playing craps on a cruise ship (Volendam). Won big on the slot machines! The atmosphere was electric with everyone cheering.,5,2025-10-28,en
352,471,5,21,The casino on the Carnival Firenze was decent! The casino was okay. Not as large as I expected but had all the major games.,3,2025-10-16,en
353,311,11,52,Casino experience on our Hawaii 15-Day cruise aboard the Westerdam: Felt like the house edge was much higher than Las Vegas. Not great value.,1,2025-11-06,en
354,461,11,55,Had a wonderful time at the poker tables on the Westerdam. Casino was beautifully decorated and spacious. Never felt crowded even on peak nights.,5,2025-11-25,en
355,233,7,31,"Spent most evenings in the casino on the Rotterdam. The dealers were friendly and professional, made the experience really enjoyable.",4,2025-10-17,en
356,256,5,25,The casino on the Carnival Firenze was outstanding! Good for entertainment purposes but do not expect Vegas-level gaming.,3,2025-11-13,en
357,314,3,15,Spent most evenings in the casino on the Jubilee. The casino was too small for the number of passengers. Always crowded and noisy.,2,2025-11-26,en
358,55,12,59,The casino on the Volendam was wonderful! Won big on the slot machines! The atmosphere was electric with everyone cheering.,5,2025-11-10,en
359,331,2,9,Had a wonderful time at the slots tables on the Celebration. Drink service in the casino was painfully slow. Had to wait 30 minutes for a cocktail.,2,2025-11-16,en
360,120,9,45,The dealers on the Koningsdam were slow. Good for entertainment purposes but do not expect Vegas-level gaming.,3,2025-11-25,es
361,60,12,57,I was disappointed by the slot machines on the Volendam. The minimum bets were too high for casual players. $25 minimum blackjack is excessive.,2,2025-10-23,en
362,271,11,55,The casino on the Westerdam was decent! ATM fees in the casino were outrageous. $8 per transaction is highway robbery.,1,2025-11-23,es
363,77,12,60,"The dealers on the Volendam were friendly. The dealers were friendly and professional, made the experience really enjoyable.",4,2025-11-19,en
364,40,9,43,The casino on the Koningsdam was wonderful! The loyalty program rewards were outstanding. Got complimentary drinks all cruise.,4,2025-11-11,en
365,124,3,12,First time playing baccarat on a cruise ship (Jubilee). Casino was extremely smoky. Needs better ventilation or a non-smoking section.,2,2025-11-06,en
366,49,5,25,Casino experience on our Panama Canal 11-Day cruise aboard the Carnival Firenze: Great selection of table games. The blackjack tables had reasonable minimums.,4,2025-11-23,fr
367,210,10,49,First time playing slots on a cruise ship (Zuiderdam). The loyalty program rewards were outstanding. Got complimentary drinks all cruise.,4,2025-11-16,es
368,117,9,45,Spent most evenings in the casino on the Koningsdam. Good for entertainment purposes but do not expect Vegas-level gaming.,3,2025-12-03,en
369,210,12,59,"Played a few rounds of blackjack. Won some, lost some. Pretty average experience. Overall, the Volendam casino gets a strong avoid from me.",3,2025-11-03,en
370,75,8,38,"Casino experience on our Mediterranean 14-Day cruise aboard the Nieuw Statendam: Progressive jackpot slots were exciting. Someone won $15,000 on our sailing!",4,2025-11-14,en
371,191,9,42,Spent most evenings in the casino on the Koningsdam. Drink service in the casino was painfully slow. Had to wait 30 minutes for a cocktail.,1,2025-11-05,en
372,486,8,37,Spent most evenings in the casino on the Nieuw Statendam. Loved the poker tournament on sea days. Well organized with good prize pools.,4,2025-10-27,es
373,325,11,51,The casino on the Westerdam was outstanding! Casino was extremely smoky. Needs better ventilation or a non-smoking section.,2,2025-10-10,en
374,157,8,40,Had a disappointing time at the blackjack tables on the Nieuw Statendam. The poker room closed too early. Would have liked late-night tournament options.,2,2025-11-21,en
375,283,5,23,The casino on the Carnival Firenze was outstanding! The loyalty program rewards were outstanding. Got complimentary drinks all cruise.,5,2025-11-05,en
376,125,3,12,Spent most evenings in the casino on the Jubilee. The loyalty tier system is confusing. Could not figure out how to earn or redeem points.,2,2025-10-29,en
377,287,2,6,I loved the slot machines on the Celebration. The poker room closed too early. Would have liked late-night tournament options.,2,2025-10-18,en
378,211,3,15,The casino on the Jubilee was great! Great selection of table games. The blackjack tables had reasonable minimums.,4,2025-11-15,en
379,64,7,35,The casino on the Rotterdam was okay! Drink service in the casino was painfully slow. Had to wait 30 minutes for a cocktail.,1,2025-11-19,en
380,2,4,20,"The dealers on the Carnival Venezia were slow. The dealers were friendly and professional, made the experience really enjoyable.",4,2025-11-23,en
381,451,7,34,Spent most evenings in the casino on the Rotterdam. Dealers were rude and impatient with beginners. Not a welcoming environment.,1,2025-11-12,en
382,334,1,4,I loved the slot machines on the Mardi Gras. Casino was beautifully decorated and spacious. Never felt crowded even on peak nights.,4,2025-11-12,en
383,482,7,32,Spent most evenings in the casino on the Rotterdam. Slot machines seemed very tight. Played for hours without any significant wins.,1,2025-10-30,en
384,320,11,55,"The casino on the Westerdam was great! Progressive jackpot slots were exciting. Someone won $15,000 on our sailing!",4,2025-12-04,en
385,456,4,19,"Had a great time at the baccarat tables on the Carnival Venezia. Spent a couple of evenings playing slots. Normal odds, nothing special to report.",3,2025-11-09,en
386,236,4,19,I appreciated the slot machines on the Carnival Venezia. Casino was beautifully decorated and spacious. Never felt crowded even on peak nights.,4,2025-11-14,en
387,230,5,24,The casino on the Carnival Firenze was fantastic! The loyalty program rewards were outstanding. Got complimentary drinks all cruise.,5,2025-11-12,de
388,282,8,37,Casino experience on our Western Caribbean 7-Day cruise aboard the Nieuw Statendam: The casino was okay. Not as large as I expected but had all the major games.,3,2025-10-17,en
389,139,4,16,First time playing blackjack on a cruise ship (Carnival Venezia). Staff remembered my name by the second day. That personal touch made all the difference.,4,2025-10-16,en
390,220,3,11,The casino on the Jubilee was great! Dealers were rude and impatient with beginners. Not a welcoming environment.,2,2025-10-25,en
391,372,7,32,"Casino experience on our Mexican Riviera 7-Day cruise aboard the Rotterdam: The dealers were friendly and professional, made the experience really enjoyable.",4,2025-10-23,en
392,331,2,7,The casino on the Celebration was great! Decent casino but nothing extraordinary. Standard cruise ship gaming experience.,3,2025-10-23,en
393,239,7,31,"Staff remembered my name by the second day. That personal touch made all the difference. Overall, the Rotterdam casino gets a two thumbs up from me.",4,2025-10-11,de
394,457,6,26,Casino experience on our Hawaii 15-Day cruise aboard the Carnival Panorama: The casino was too small for the number of passengers. Always crowded and noisy.,1,2025-10-24,en
395,62,2,7,Had a mediocre time at the slots tables on the Celebration. Felt like the house edge was much higher than Las Vegas. Not great value.,2,2025-10-30,en
396,283,7,32,First time playing slots on a cruise ship (Rotterdam). Decent casino but nothing extraordinary. Standard cruise ship gaming experience.,3,2025-10-26,en
397,348,8,37,I was thrilled by the slot machines on the Nieuw Statendam. Casino was beautifully decorated and spacious. Never felt crowded even on peak nights.,5,2025-10-23,en
398,208,5,22,Spent most evenings in the casino on the Carnival Firenze. The loyalty program rewards were outstanding. Got complimentary drinks all cruise.,4,2025-10-14,en
399,14,9,45,First time playing roulette on a cruise ship (Koningsdam). Best casino experience I have had on any cruise line. Will definitely come back.,4,2025-12-05,en
400,374,9,41,Casino experience on our Alaska 7-Day cruise aboard the Koningsdam: Casino was extremely smoky. Needs better ventilation or a non-smoking section.,2,2025-10-10,es
401,344,11,55,First time playing slots on a cruise ship (Westerdam). The VIP room was a fantastic experience. Personalized service and higher limits.,5,2025-12-04,de
402,444,4,20,The dealers on the Carnival Venezia were rude. Decent casino but nothing extraordinary. Standard cruise ship gaming experience.,3,2025-11-18,en
403,421,9,44,The casino on the Koningsdam was wonderful! Drink service in the casino was painfully slow. Had to wait 30 minutes for a cocktail.,2,2025-11-12,en
404,164,3,12,"I was thrilled by the slot machines on the Jubilee. The dealers were friendly and professional, made the experience really enjoyable.",5,2025-11-03,en
405,378,11,52,I loved the slot machines on the Westerdam. Great selection of table games. The blackjack tables had reasonable minimums.,4,2025-11-01,fr
406,223,1,1,First time playing roulette on a cruise ship (Mardi Gras). Great selection of table games. The blackjack tables had reasonable minimums.,4,2025-10-18,en
407,499,10,48,Spent most evenings in the casino on the Zuiderdam. Best casino experience I have had on any cruise line. Will definitely come back.,5,2025-11-06,en
408,184,12,56,The casino on the Volendam was outstanding! Loved the poker tournament on sea days. Well organized with good prize pools.,5,2025-10-17,en
409,457,11,54,"Spent most evenings in the casino on the Westerdam. Played a few rounds of blackjack. Won some, lost some. Pretty average experience.",3,2025-11-21,en
410,154,3,14,"The VIP room was a fantastic experience. Personalized service and higher limits. Overall, the Jubilee casino gets a two thumbs up from me.",5,2025-11-10,en
411,306,1,3,Casino experience on our Mexican Riviera 7-Day cruise aboard the Mardi Gras: Best casino experience I have had on any cruise line. Will definitely come back.,4,2025-11-04,en
412,33,9,43,The dealers on the Koningsdam were professional. Great selection of table games. The blackjack tables had reasonable minimums.,5,2025-11-10,en
413,25,12,58,Had a outstanding time at the baccarat tables on the Volendam. Loved the poker tournament on sea days. Well organized with good prize pools.,5,2025-10-27,es
414,46,4,17,"Won big on the slot machines! The atmosphere was electric with everyone cheering. Overall, the Carnival Venezia casino gets a pass from me.",4,2025-10-18,en
415,392,11,54,I loved the slot machines on the Westerdam. Decent casino but nothing extraordinary. Standard cruise ship gaming experience.,3,2025-11-23,en
416,110,7,32,First time playing roulette on a cruise ship (Rotterdam). ATM fees in the casino were outrageous. $8 per transaction is highway robbery.,1,2025-10-26,es
417,265,10,46,Had a fantastic time at the blackjack tables on the Zuiderdam. The loyalty tier system is confusing. Could not figure out how to earn or redeem points.,2,2025-10-10,en
418,190,2,6,Spent most evenings in the casino on the Celebration. Drink service in the casino was painfully slow. Had to wait 30 minutes for a cocktail.,2,2025-10-18,en
419,283,4,19,"The loyalty tier system is confusing. Could not figure out how to earn or redeem points. Overall, the Carnival Venezia casino gets a two thumbs up from me.",1,2025-11-10,en
420,495,6,29,"The dealers on the Carnival Panorama were attentive. Progressive jackpot slots were exciting. Someone won $15,000 on our sailing!",5,2025-11-25,en
421,262,2,10,Spent most evenings in the casino on the Celebration. The VIP room was a fantastic experience. Personalized service and higher limits.,4,2025-11-28,en
422,366,2,9,I was thrilled by the slot machines on the Celebration. Casino was beautifully decorated and spacious. Never felt crowded even on peak nights.,4,2025-11-15,en
423,133,8,39,The casino on the Nieuw Statendam was okay! The poker room closed too early. Would have liked late-night tournament options.,2,2025-11-09,en
424,454,9,44,The dealers on the Koningsdam were rude. The VIP room was a fantastic experience. Personalized service and higher limits.,4,2025-11-11,en
425,233,9,44,"Casino experience on our Eastern Caribbean 7-Day cruise aboard the Koningsdam: Played a few rounds of blackjack. Won some, lost some. Pretty average experience.",3,2025-11-18,de
426,355,5,23,Had a disappointing time at the roulette tables on the Carnival Firenze. Best casino experience I have had on any cruise line. Will definitely come back.,5,2025-11-05,en
427,195,9,44,The casino on the Koningsdam was wonderful! Staff remembered my name by the second day. That personal touch made all the difference.,4,2025-11-11,en
428,159,9,42,"The casino on the Koningsdam was okay! Spent a couple of evenings playing slots. Normal odds, nothing special to report.",3,2025-10-31,fr
429,294,3,15,I hated the slot machines on the Jubilee. Loved the poker tournament on sea days. Well organized with good prize pools.,5,2025-11-21,en
430,24,7,32,The dealers on the Rotterdam were attentive. Great selection of table games. The blackjack tables had reasonable minimums.,4,2025-10-28,en
431,6,12,59,Casino experience on our Mexican Riviera 7-Day cruise aboard the Volendam: ATM fees in the casino were outrageous. $8 per transaction is highway robbery.,1,2025-11-06,en
432,333,11,55,Casino experience on our Bahamas 4-Day cruise aboard the Westerdam: Loved the poker tournament on sea days. Well organized with good prize pools.,4,2025-11-25,en
433,447,2,10,I appreciated the slot machines on the Celebration. The VIP room was a fantastic experience. Personalized service and higher limits.,4,2025-11-19,en
434,283,8,39,"I was disappointed by the slot machines on the Nieuw Statendam. Spent a couple of evenings playing slots. Normal odds, nothing special to report.",3,2025-11-09,en
435,232,7,34,First time playing slots on a cruise ship (Rotterdam). Loved the poker tournament on sea days. Well organized with good prize pools.,5,2025-11-11,en
436,176,1,4,I appreciated the slot machines on the Mardi Gras. Loved the poker tournament on sea days. Well organized with good prize pools.,4,2025-11-05,es
437,224,8,36,"Spent most evenings in the casino on the Nieuw Statendam. Progressive jackpot slots were exciting. Someone won $15,000 on our sailing!",5,2025-10-10,en
438,256,3,12,"Best casino experience I have had on any cruise line. Will definitely come back. Overall, the Jubilee casino gets a pass from me.",4,2025-10-28,en
439,436,3,13,First time playing poker on a cruise ship (Jubilee). The VIP room was a fantastic experience. Personalized service and higher limits.,4,2025-11-06,en
440,301,8,39,"Had a disappointing time at the poker tables on the Nieuw Statendam. Spent a couple of evenings playing slots. Normal odds, nothing special to report.",3,2025-11-11,en
441,77,9,45,Casino experience on our Panama Canal 11-Day cruise aboard the Koningsdam: The VIP room was a fantastic experience. Personalized service and higher limits.,4,2025-11-30,en
442,13,11,55,I appreciated the slot machines on the Westerdam. The casino was too small for the number of passengers. Always crowded and noisy.,1,2025-11-25,en
443,8,9,44,The casino on the Koningsdam was amazing! Best casino experience I have had on any cruise line. Will definitely come back.,5,2025-11-16,en
444,181,11,51,I hated the slot machines on the Westerdam. Great selection of table games. The blackjack tables had reasonable minimums.,4,2025-10-11,en
445,448,12,59,I enjoyed the slot machines on the Volendam. The loyalty program rewards were outstanding. Got complimentary drinks all cruise.,5,2025-11-08,en
446,317,2,8,I was disappointed by the slot machines on the Celebration. The loyalty tier system is confusing. Could not figure out how to earn or redeem points.,1,2025-10-31,en
447,417,1,1,"Decent casino but nothing extraordinary. Standard cruise ship gaming experience. Overall, the Mardi Gras casino gets a solid recommendation from me.",3,2025-10-14,de
448,237,5,24,Casino experience on our Bahamas 4-Day cruise aboard the Carnival Firenze: ATM fees in the casino were outrageous. $8 per transaction is highway robbery.,1,2025-11-05,en
449,346,10,48,"The loyalty tier system is confusing. Could not figure out how to earn or redeem points. Overall, the Zuiderdam casino gets a two thumbs up from me.",1,2025-10-31,en
450,260,11,53,"Spent most evenings in the casino on the Westerdam. Progressive jackpot slots were exciting. Someone won $15,000 on our sailing!",5,2025-11-04,es
451,162,5,24,Had a wonderful time at the slots tables on the Carnival Firenze. Loved the poker tournament on sea days. Well organized with good prize pools.,5,2025-11-02,en
452,337,9,44,The casino on the Koningsdam was amazing! Best casino experience I have had on any cruise line. Will definitely come back.,5,2025-11-16,en
453,18,4,19,First time playing blackjack on a cruise ship (Carnival Venezia). Great selection of table games. The blackjack tables had reasonable minimums.,5,2025-11-12,en
454,80,11,51,Spent most evenings in the casino on the Westerdam. Casino was beautifully decorated and spacious. Never felt crowded even on peak nights.,4,2025-10-09,en
455,287,10,48,"Loved the poker tournament on sea days. Well organized with good prize pools. Overall, the Zuiderdam casino gets a pass from me.",4,2025-11-09,en
456,287,5,24,"The dealers were friendly and professional, made the experience really enjoyable. Overall, the Carnival Firenze casino gets a solid recommendation from me.",4,2025-11-05,en
457,493,10,46,"First time playing blackjack on a cruise ship (Zuiderdam). The dealers were friendly and professional, made the experience really enjoyable.",4,2025-10-10,en
458,1,9,42,The casino on the Koningsdam was fantastic! Casino was extremely smoky. Needs better ventilation or a non-smoking section.,1,2025-10-29,en
459,464,11,53,Casino experience on our Alaska 7-Day cruise aboard the Westerdam: Decent casino but nothing extraordinary. Standard cruise ship gaming experience.,3,2025-11-08,en
460,332,2,7,I hated the slot machines on the Celebration. Slot machines seemed very tight. Played for hours without any significant wins.,1,2025-11-02,de
461,460,6,30,"Casino was beautifully decorated and spacious. Never felt crowded even on peak nights. Overall, the Carnival Panorama casino gets a mixed review from me.",4,2025-12-08,en
462,82,9,44,First time playing poker on a cruise ship (Koningsdam). ATM fees in the casino were outrageous. $8 per transaction is highway robbery.,1,2025-11-18,en
463,442,6,26,"Casino experience on our Hawaii 15-Day cruise aboard the Carnival Panorama: Spent a couple of evenings playing slots. Normal odds, nothing special to report.",3,2025-10-26,en
464,112,5,22,First time playing poker on a cruise ship (Carnival Firenze). Best casino experience I have had on any cruise line. Will definitely come back.,4,2025-10-17,en
465,40,4,17,The casino on the Carnival Venezia was disappointing! Good for entertainment purposes but do not expect Vegas-level gaming.,3,2025-10-17,en
466,416,7,34,The dealers on the Rotterdam were rude. The casino was okay. Not as large as I expected but had all the major games.,3,2025-11-07,en
467,102,4,17,"The casino on the Carnival Venezia was okay! Spent a couple of evenings playing slots. Normal odds, nothing special to report.",3,2025-10-23,en
468,191,7,33,I appreciated the slot machines on the Rotterdam. The casino was okay. Not as large as I expected but had all the major games.,3,2025-11-01,en
469,122,1,3,First time playing roulette on a cruise ship (Mardi Gras). The casino was okay. Not as large as I expected but had all the major games.,3,2025-10-29,en
470,143,6,30,"The dealers on the Carnival Panorama were friendly. Played a few rounds of blackjack. Won some, lost some. Pretty average experience.",3,2025-12-07,en
471,359,1,3,The dealers on the Mardi Gras were rude. Best casino experience I have had on any cruise line. Will definitely come back.,4,2025-10-26,de
472,170,9,44,"The casino on the Koningsdam was amazing! The dealers were friendly and professional, made the experience really enjoyable.",4,2025-11-11,en
473,273,10,47,I was disappointed by the slot machines on the Zuiderdam. The casino was too small for the number of passengers. Always crowded and noisy.,2,2025-10-16,en
474,51,9,43,The dealers on the Koningsdam were friendly. Casino was beautifully decorated and spacious. Never felt crowded even on peak nights.,4,2025-11-10,en
475,478,12,58,The dealers on the Volendam were excellent. Slot machines seemed very tight. Played for hours without any significant wins.,1,2025-10-31,en
476,457,12,58,"First time playing poker on a cruise ship (Volendam). Progressive jackpot slots were exciting. Someone won $15,000 on our sailing!",4,2025-10-31,en
477,383,10,50,Had a wonderful time at the baccarat tables on the Zuiderdam. Staff remembered my name by the second day. That personal touch made all the difference.,4,2025-11-24,fr
478,310,3,12,The casino on the Jubilee was fantastic! Great selection of table games. The blackjack tables had reasonable minimums.,5,2025-11-02,en
479,153,1,5,The dealers on the Mardi Gras were professional. Decent casino but nothing extraordinary. Standard cruise ship gaming experience.,3,2025-11-15,en
480,193,10,49,First time playing blackjack on a cruise ship (Zuiderdam). Best casino experience I have had on any cruise line. Will definitely come back.,4,2025-11-10,es
481,36,9,43,I hated the slot machines on the Koningsdam. Dealers were rude and impatient with beginners. Not a welcoming environment.,2,2025-11-11,en
482,384,11,55,First time playing poker on a cruise ship (Westerdam). The VIP room was a fantastic experience. Personalized service and higher limits.,4,2025-12-05,en
483,271,3,14,I appreciated the slot machines on the Jubilee. Decent casino but nothing extraordinary. Standard cruise ship gaming experience.,3,2025-11-20,en
484,21,3,12,"Casino experience on our Eastern Caribbean 7-Day cruise aboard the Jubilee: Progressive jackpot slots were exciting. Someone won $15,000 on our sailing!",5,2025-11-02,en
485,63,10,47,I loved the slot machines on the Zuiderdam. Good for entertainment purposes but do not expect Vegas-level gaming.,3,2025-10-25,en
486,365,9,43,First time playing craps on a cruise ship (Koningsdam). Decent casino but nothing extraordinary. Standard cruise ship gaming experience.,3,2025-11-10,en
487,221,9,43,The casino on the Koningsdam was okay! Good for entertainment purposes but do not expect Vegas-level gaming.,3,2025-11-10,es
488,240,10,48,Had a terrible time at the craps tables on the Zuiderdam. Decent casino but nothing extraordinary. Standard cruise ship gaming experience.,3,2025-11-04,en
489,209,11,51,Spent most evenings in the casino on the Westerdam. The minimum bets were too high for casual players. $25 minimum blackjack is excessive.,2,2025-10-15,en
490,253,11,53,"Won big on the slot machines! The atmosphere was electric with everyone cheering. Overall, the Westerdam casino gets a pass from me.",5,2025-11-14,en
491,433,1,2,"First time playing poker on a cruise ship (Mardi Gras). Spent a couple of evenings playing slots. Normal odds, nothing special to report.",3,2025-10-30,en
492,45,11,52,First time playing baccarat on a cruise ship (Westerdam). The loyalty tier system is confusing. Could not figure out how to earn or redeem points.,2,2025-11-06,en
493,455,11,51,"Casino experience on our Mexican Riviera 7-Day cruise aboard the Westerdam: Progressive jackpot slots were exciting. Someone won $15,000 on our sailing!",4,2025-10-15,en
494,105,5,25,"The dealers on the Carnival Firenze were wonderful. Played a few rounds of blackjack. Won some, lost some. Pretty average experience.",3,2025-11-20,en
495,279,12,56,Spent most evenings in the casino on the Volendam. Loved the poker tournament on sea days. Well organized with good prize pools.,4,2025-10-17,en
496,369,6,29,The casino on the Carnival Panorama was disappointing! The casino was too small for the number of passengers. Always crowded and noisy.,1,2025-11-20,en
497,234,3,14,The dealers on the Jubilee were rude. Won big on the slot machines! The atmosphere was electric with everyone cheering.,4,2025-11-20,en
498,403,11,54,First time playing poker on a cruise ship (Westerdam). The casino was okay. Not as large as I expected but had all the major games.,3,2025-12-01,en
499,213,7,33,The dealers on the Rotterdam were slow. The minimum bets were too high for casual players. $25 minimum blackjack is excessive.,1,2025-11-10,en
500,451,4,20,Spent most evenings in the casino on the Carnival Venezia. The loyalty program rewards were outstanding. Got complimentary drinks all cruise.,5,2025-11-13,en
501,364,12,59,"Slot machines seemed very tight. Played for hours without any significant wins. Overall, the Volendam casino gets a pass from me.",1,2025-11-10,en
502,499,9,45,I enjoyed the slot machines on the Koningsdam. Best casino experience I have had on any cruise line. Will definitely come back.,4,2025-11-22,en
503,263,11,53,I appreciated the slot machines on the Westerdam. The poker room closed too early. Would have liked late-night tournament options.,2,2025-11-15,en
504,94,10,47,Spent most evenings in the casino on the Zuiderdam. Dealers were rude and impatient with beginners. Not a welcoming environment.,1,2025-10-21,de
505,288,12,58,"Best casino experience I have had on any cruise line. Will definitely come back. Overall, the Volendam casino gets a strong avoid from me.",5,2025-11-03,en
506,217,2,9,"Casino experience on our Western Caribbean 7-Day cruise aboard the Celebration: Progressive jackpot slots were exciting. Someone won $15,000 on our sailing!",4,2025-11-12,en
507,334,11,52,The casino on the Westerdam was decent! Great selection of table games. The blackjack tables had reasonable minimums.,5,2025-10-31,en
508,59,2,7,Casino experience on our Western Caribbean 7-Day cruise aboard the Celebration: The casino was okay. Not as large as I expected but had all the major games.,3,2025-10-23,es
509,441,12,56,Casino experience on our Western Caribbean 7-Day cruise aboard the Volendam: The casino was okay. Not as large as I expected but had all the major games.,3,2025-10-21,fr
510,203,10,50,"Decent casino but nothing extraordinary. Standard cruise ship gaming experience. Overall, the Zuiderdam casino gets a solid recommendation from me.",3,2025-11-18,es
511,136,5,23,I was disappointed by the slot machines on the Carnival Firenze. Won big on the slot machines! The atmosphere was electric with everyone cheering.,5,2025-11-01,es
512,32,9,41,"The VIP room was a fantastic experience. Personalized service and higher limits. Overall, the Koningsdam casino gets a two thumbs up from me.",4,2025-10-18,en
513,151,5,23,The dealers on the Carnival Firenze were professional. Great selection of table games. The blackjack tables had reasonable minimums.,4,2025-10-28,de
514,115,12,56,First time playing roulette on a cruise ship (Volendam). Slot machines seemed very tight. Played for hours without any significant wins.,1,2025-10-20,en
515,113,1,2,"Casino experience on our Eastern Caribbean 7-Day cruise aboard the Mardi Gras: The dealers were friendly and professional, made the experience really enjoyable.",5,2025-10-23,en
516,194,3,12,I was disappointed by the slot machines on the Jubilee. Felt like the house edge was much higher than Las Vegas. Not great value.,1,2025-10-24,en
517,467,1,3,The dealers on the Mardi Gras were impatient. Loved the poker tournament on sea days. Well organized with good prize pools.,4,2025-10-25,en
518,414,12,58,"The loyalty program rewards were outstanding. Got complimentary drinks all cruise. Overall, the Volendam casino gets a pass from me.",5,2025-11-02,en
519,235,12,60,Spent most evenings in the casino on the Volendam. Casino was extremely smoky. Needs better ventilation or a non-smoking section.,1,2025-11-18,en
520,132,6,30,"Best casino experience I have had on any cruise line. Will definitely come back. Overall, the Carnival Panorama casino gets a thumbs up from me.",5,2025-12-06,en
521,482,2,7,First time playing baccarat on a cruise ship (Celebration). Decent casino but nothing extraordinary. Standard cruise ship gaming experience.,3,2025-10-24,en
522,287,7,33,First time playing roulette on a cruise ship (Rotterdam). ATM fees in the casino were outrageous. $8 per transaction is highway robbery.,2,2025-11-07,en
523,436,8,39,Spent most evenings in the casino on the Nieuw Statendam. Dealers were rude and impatient with beginners. Not a welcoming environment.,1,2025-11-09,en
524,186,10,46,Casino experience on our Bermuda 5-Day cruise aboard the Zuiderdam: ATM fees in the casino were outrageous. $8 per transaction is highway robbery.,2,2025-10-07,en
525,195,2,6,"The casino on the Celebration was fantastic! Spent a couple of evenings playing slots. Normal odds, nothing special to report.",3,2025-10-18,en
526,405,10,49,"Casino experience on our Western Caribbean 7-Day cruise aboard the Zuiderdam: Played a few rounds of blackjack. Won some, lost some. Pretty average experience.",3,2025-11-10,de
527,161,2,7,The casino on the Celebration was amazing! Best casino experience I have had on any cruise line. Will definitely come back.,5,2025-10-28,en
528,463,2,7,"The casino on the Celebration was terrible! Progressive jackpot slots were exciting. Someone won $15,000 on our sailing!",4,2025-11-02,en
529,223,4,19,The casino on the Carnival Venezia was decent! Casino was beautifully decorated and spacious. Never felt crowded even on peak nights.,4,2025-11-09,en
530,274,4,17,Had a decent time at the roulette tables on the Carnival Venezia. Drink service in the casino was painfully slow. Had to wait 30 minutes for a cocktail.,2,2025-10-20,en
531,185,11,53,The casino on the Westerdam was disappointing! The loyalty program rewards were outstanding. Got complimentary drinks all cruise.,4,2025-11-06,en
532,375,8,36,The dealers on the Nieuw Statendam were attentive. Loved the poker tournament on sea days. Well organized with good prize pools.,5,2025-10-22,es
533,234,3,12,First time playing blackjack on a cruise ship (Jubilee). Loved the poker tournament on sea days. Well organized with good prize pools.,4,2025-10-28,en
534,431,7,32,"Progressive jackpot slots were exciting. Someone won $15,000 on our sailing! Overall, the Rotterdam casino gets a thumbs up from me.",4,2025-10-29,en
535,298,10,48,"I was thrilled by the slot machines on the Zuiderdam. Progressive jackpot slots were exciting. Someone won $15,000 on our sailing!",4,2025-11-04,en
536,298,3,14,Spent most evenings in the casino on the Jubilee. Casino was beautifully decorated and spacious. Never felt crowded even on peak nights.,5,2025-11-11,en
537,326,6,29,"The casino on the Carnival Panorama was great! Played a few rounds of blackjack. Won some, lost some. Pretty average experience.",3,2025-11-21,en
538,183,8,36,"The casino on the Nieuw Statendam was terrible! The dealers were friendly and professional, made the experience really enjoyable.",5,2025-10-18,de
539,355,8,38,"The loyalty program rewards were outstanding. Got complimentary drinks all cruise. Overall, the Nieuw Statendam casino gets a two thumbs up from me.",5,2025-11-01,en
540,10,8,40,The casino on the Nieuw Statendam was okay! Loved the poker tournament on sea days. Well organized with good prize pools.,4,2025-11-30,en
541,239,2,6,First time playing blackjack on a cruise ship (Celebration). The VIP room was a fantastic experience. Personalized service and higher limits.,4,2025-10-13,en
542,147,6,27,Spent most evenings in the casino on the Carnival Panorama. Great selection of table games. The blackjack tables had reasonable minimums.,4,2025-11-04,en
543,341,9,43,The casino on the Koningsdam was wonderful! The casino was too small for the number of passengers. Always crowded and noisy.,2,2025-11-10,es
544,272,9,41,"Staff remembered my name by the second day. That personal touch made all the difference. Overall, the Koningsdam casino gets a thumbs up from me.",5,2025-10-16,de
545,166,2,6,"The casino on the Celebration was wonderful! The dealers were friendly and professional, made the experience really enjoyable.",5,2025-10-25,en
546,335,7,31,Casino experience on our Alaska 7-Day cruise aboard the Rotterdam: Best casino experience I have had on any cruise line. Will definitely come back.,4,2025-10-19,en
547,312,5,25,Had a mediocre time at the roulette tables on the Carnival Firenze. The loyalty tier system is confusing. Could not figure out how to earn or redeem points.,2,2025-11-26,en
548,294,12,57,Spent most evenings in the casino on the Volendam. Slot machines seemed very tight. Played for hours without any significant wins.,2,2025-10-24,en
549,314,3,15,"I loved the slot machines on the Jubilee. Progressive jackpot slots were exciting. Someone won $15,000 on our sailing!",4,2025-11-19,en
550,277,3,11,"The dealers on the Jubilee were impatient. Progressive jackpot slots were exciting. Someone won $15,000 on our sailing!",5,2025-10-23,en
551,78,1,2,Had a great time at the roulette tables on the Mardi Gras. Great selection of table games. The blackjack tables had reasonable minimums.,5,2025-10-30,en
552,467,6,29,The dealers on the Carnival Panorama were impatient. The VIP room was a fantastic experience. Personalized service and higher limits.,4,2025-11-13,en
553,8,8,36,The casino on the Nieuw Statendam was amazing! ATM fees in the casino were outrageous. $8 per transaction is highway robbery.,2,2025-10-13,en
554,167,12,57,Had a decent time at the blackjack tables on the Volendam. Drink service in the casino was painfully slow. Had to wait 30 minutes for a cocktail.,2,2025-10-17,en
555,468,8,39,Had a terrible time at the craps tables on the Nieuw Statendam. Dealers were rude and impatient with beginners. Not a welcoming environment.,2,2025-11-18,en
556,320,10,48,First time playing baccarat on a cruise ship (Zuiderdam). Won big on the slot machines! The atmosphere was electric with everyone cheering.,4,2025-11-09,en
557,132,10,47,"Had a great time at the slots tables on the Zuiderdam. Progressive jackpot slots were exciting. Someone won $15,000 on our sailing!",4,2025-10-24,en
558,124,9,45,"ATM fees in the casino were outrageous. $8 per transaction is highway robbery. Overall, the Koningsdam casino gets a thumbs up from me.",2,2025-12-02,en
559,162,11,51,The casino on the Westerdam was terrible! The VIP room was a fantastic experience. Personalized service and higher limits.,5,2025-10-22,en
560,73,2,9,"Played a few rounds of blackjack. Won some, lost some. Pretty average experience. Overall, the Celebration casino gets a mixed review from me.",3,2025-11-10,en
561,474,6,28,The dealers on the Carnival Panorama were wonderful. Won big on the slot machines! The atmosphere was electric with everyone cheering.,4,2025-11-15,en
562,485,3,12,The casino on the Jubilee was fantastic! Slot machines seemed very tight. Played for hours without any significant wins.,1,2025-11-02,en
563,348,1,2,I loved the slot machines on the Mardi Gras. Won big on the slot machines! The atmosphere was electric with everyone cheering.,4,2025-10-18,en
564,354,4,17,Casino experience on our Bermuda 5-Day cruise aboard the Carnival Venezia: Casino was beautifully decorated and spacious. Never felt crowded even on peak nights.,5,2025-10-25,es
565,194,2,9,First time playing roulette on a cruise ship (Celebration). Best casino experience I have had on any cruise line. Will definitely come back.,4,2025-11-12,en
566,424,4,18,Had a decent time at the blackjack tables on the Carnival Venezia. Casino was extremely smoky. Needs better ventilation or a non-smoking section.,2,2025-10-28,en
567,182,5,25,I was disappointed by the slot machines on the Carnival Firenze. Loved the poker tournament on sea days. Well organized with good prize pools.,4,2025-11-20,en
568,102,12,59,Casino experience on our Mexican Riviera 7-Day cruise aboard the Volendam: Casino was beautifully decorated and spacious. Never felt crowded even on peak nights.,5,2025-10-31,en
569,194,6,28,Had a amazing time at the craps tables on the Carnival Panorama. Casino was extremely smoky. Needs better ventilation or a non-smoking section.,2,2025-11-02,en
570,147,7,33,First time playing blackjack on a cruise ship (Rotterdam). Staff remembered my name by the second day. That personal touch made all the difference.,4,2025-10-30,es
571,465,9,45,"Won big on the slot machines! The atmosphere was electric with everyone cheering. Overall, the Koningsdam casino gets a pass from me.",5,2025-11-24,en
572,476,8,39,The casino on the Nieuw Statendam was amazing! The VIP room was a fantastic experience. Personalized service and higher limits.,5,2025-11-18,en
573,184,10,46,I was thrilled by the slot machines on the Zuiderdam. Best casino experience I have had on any cruise line. Will definitely come back.,5,2025-10-20,en
574,378,5,23,Spent most evenings in the casino on the Carnival Firenze. The loyalty tier system is confusing. Could not figure out how to earn or redeem points.,2,2025-11-06,en
575,63,4,19,The casino on the Carnival Venezia was outstanding! The casino was okay. Not as large as I expected but had all the major games.,3,2025-11-06,en
576,489,3,13,The casino on the Jubilee was okay! Felt like the house edge was much higher than Las Vegas. Not great value.,2,2025-11-11,en
577,4,2,6,Casino experience on our Southern Caribbean 10-Day cruise aboard the Celebration: Felt like the house edge was much higher than Las Vegas. Not great value.,2,2025-10-16,en
578,66,9,44,The dealers on the Koningsdam were professional. Best casino experience I have had on any cruise line. Will definitely come back.,5,2025-11-19,en
579,359,6,28,The casino on the Carnival Panorama was fantastic! Best casino experience I have had on any cruise line. Will definitely come back.,4,2025-11-10,en
580,494,8,36,Casino experience on our Western Caribbean 7-Day cruise aboard the Nieuw Statendam: Loved the poker tournament on sea days. Well organized with good prize pools.,4,2025-10-13,en
581,32,3,12,"The casino was too small for the number of passengers. Always crowded and noisy. Overall, the Jubilee casino gets a mixed review from me.",2,2025-10-31,en
582,24,6,29,I hated the slot machines on the Carnival Panorama. Casino was beautifully decorated and spacious. Never felt crowded even on peak nights.,4,2025-11-25,en
583,202,3,15,Casino experience on our Bahamas 4-Day cruise aboard the Jubilee: Best casino experience I have had on any cruise line. Will definitely come back.,5,2025-11-18,es
584,186,8,37,Casino experience on our Western Caribbean 7-Day cruise aboard the Nieuw Statendam: Staff remembered my name by the second day. That personal touch made all the difference.,5,2025-10-17,en
585,416,6,27,Casino experience on our Mexican Riviera 7-Day cruise aboard the Carnival Panorama: Drink service in the casino was painfully slow. Had to wait 30 minutes for a cocktail.,2,2025-10-30,en
586,169,9,43,First time playing slots on a cruise ship (Koningsdam). Staff remembered my name by the second day. That personal touch made all the difference.,5,2025-11-04,en
587,193,10,49,"The casino on the Zuiderdam was great! Progressive jackpot slots were exciting. Someone won $15,000 on our sailing!",5,2025-11-13,en
588,463,6,29,First time playing roulette on a cruise ship (Carnival Panorama). The casino was okay. Not as large as I expected but had all the major games.,3,2025-11-15,en
589,478,11,55,"I was thrilled by the slot machines on the Westerdam. Spent a couple of evenings playing slots. Normal odds, nothing special to report.",3,2025-12-03,en
590,402,8,37,"Casino experience on our Western Caribbean 7-Day cruise aboard the Nieuw Statendam: Played a few rounds of blackjack. Won some, lost some. Pretty average experience.",3,2025-10-24,en
591,450,6,30,The dealers on the Carnival Panorama were excellent. The casino was too small for the number of passengers. Always crowded and noisy.,2,2025-11-28,en
592,295,10,50,The casino on the Zuiderdam was great! Slot machines seemed very tight. Played for hours without any significant wins.,2,2025-11-24,de
593,101,2,9,First time playing baccarat on a cruise ship (Celebration). Great selection of table games. The blackjack tables had reasonable minimums.,5,2025-11-12,en
594,333,4,19,Casino experience on our Eastern Caribbean 7-Day cruise aboard the Carnival Venezia: Staff remembered my name by the second day. That personal touch made all the difference.,4,2025-11-13,en
595,350,8,38,The casino on the Nieuw Statendam was mediocre! ATM fees in the casino were outrageous. $8 per transaction is highway robbery.,2,2025-11-09,en
596,324,8,37,The dealers on the Nieuw Statendam were attentive. The minimum bets were too high for casual players. $25 minimum blackjack is excessive.,1,2025-10-22,en
597,28,8,40,Spent most evenings in the casino on the Nieuw Statendam. Best casino experience I have had on any cruise line. Will definitely come back.,4,2025-11-28,en
598,230,7,33,Spent most evenings in the casino on the Rotterdam. Casino was beautifully decorated and spacious. Never felt crowded even on peak nights.,4,2025-10-29,en
599,276,11,52,"First time playing slots on a cruise ship (Westerdam). The dealers were friendly and professional, made the experience really enjoyable.",5,2025-11-05,en
600,264,8,38,"The dealers on the Nieuw Statendam were attentive. Progressive jackpot slots were exciting. Someone won $15,000 on our sailing!",4,2025-11-12,en
601,342,3,13,First time playing blackjack on a cruise ship (Jubilee). The loyalty program rewards were outstanding. Got complimentary drinks all cruise.,4,2025-11-01,en
602,7,3,12,"Staff remembered my name by the second day. That personal touch made all the difference. Overall, the Jubilee casino gets a two thumbs up from me.",4,2025-10-24,en
603,10,10,48,The casino on the Zuiderdam was disappointing! The VIP room was a fantastic experience. Personalized service and higher limits.,5,2025-11-07,en
604,138,6,29,"The dealers on the Carnival Panorama were professional. Spent a couple of evenings playing slots. Normal odds, nothing special to report.",3,2025-11-22,en
605,315,6,26,The dealers on the Carnival Panorama were rude. Drink service in the casino was painfully slow. Had to wait 30 minutes for a cocktail.,2,2025-10-19,en
606,74,12,58,The casino on the Volendam was terrible! The loyalty tier system is confusing. Could not figure out how to earn or redeem points.,2,2025-11-01,en
607,29,4,17,Casino experience on our Bermuda 5-Day cruise aboard the Carnival Venezia: Casino was beautifully decorated and spacious. Never felt crowded even on peak nights.,5,2025-10-14,en
608,208,8,36,Spent most evenings in the casino on the Nieuw Statendam. The loyalty tier system is confusing. Could not figure out how to earn or redeem points.,1,2025-10-09,en
609,54,6,28,Spent most evenings in the casino on the Carnival Panorama. Best casino experience I have had on any cruise line. Will definitely come back.,4,2025-11-04,es
610,406,11,53,First time playing blackjack on a cruise ship (Westerdam). Casino was beautifully decorated and spacious. Never felt crowded even on peak nights.,4,2025-11-11,en
611,409,9,43,"I enjoyed the slot machines on the Koningsdam. Played a few rounds of blackjack. Won some, lost some. Pretty average experience.",3,2025-11-10,en
612,349,9,44,The casino on the Koningsdam was outstanding! The minimum bets were too high for casual players. $25 minimum blackjack is excessive.,2,2025-11-13,en
613,9,10,46,"The minimum bets were too high for casual players. $25 minimum blackjack is excessive. Overall, the Zuiderdam casino gets a two thumbs up from me.",1,2025-10-20,en
614,115,7,35,The dealers on the Rotterdam were professional. Good for entertainment purposes but do not expect Vegas-level gaming.,3,2025-11-13,en
615,75,1,4,Casino experience on our Bahamas 4-Day cruise aboard the Mardi Gras: Best casino experience I have had on any cruise line. Will definitely come back.,4,2025-11-12,en
616,279,8,39,The dealers on the Nieuw Statendam were professional. Dealers were rude and impatient with beginners. Not a welcoming environment.,1,2025-11-10,en
617,441,10,48,The casino on the Zuiderdam was decent! Best casino experience I have had on any cruise line. Will definitely come back.,4,2025-11-09,en
618,348,8,39,Casino experience on our Western Caribbean 7-Day cruise aboard the Nieuw Statendam: ATM fees in the casino were outrageous. $8 per transaction is highway robbery.,1,2025-11-22,en
619,94,9,44,Had a amazing time at the slots tables on the Koningsdam. Won big on the slot machines! The atmosphere was electric with everyone cheering.,4,2025-11-11,en
620,66,2,8,"Played a few rounds of blackjack. Won some, lost some. Pretty average experience. Overall, the Celebration casino gets a two thumbs up from me.",3,2025-10-30,en
621,106,9,44,Spent most evenings in the casino on the Koningsdam. Won big on the slot machines! The atmosphere was electric with everyone cheering.,5,2025-11-18,en
622,367,2,7,"I enjoyed the slot machines on the Celebration. The dealers were friendly and professional, made the experience really enjoyable.",5,2025-10-31,en
623,207,5,23,The dealers on the Carnival Firenze were wonderful. Won big on the slot machines! The atmosphere was electric with everyone cheering.,4,2025-11-04,en
624,16,6,28,Casino experience on our Eastern Caribbean 7-Day cruise aboard the Carnival Panorama: Won big on the slot machines! The atmosphere was electric with everyone cheering.,5,2025-11-15,en
625,134,11,53,"Best casino experience I have had on any cruise line. Will definitely come back. Overall, the Westerdam casino gets a mixed review from me.",5,2025-11-11,en
626,263,12,57,"Had a outstanding time at the craps tables on the Volendam. Played a few rounds of blackjack. Won some, lost some. Pretty average experience.",3,2025-10-20,en
627,102,10,47,I was thrilled by the slot machines on the Zuiderdam. The VIP room was a fantastic experience. Personalized service and higher limits.,4,2025-10-22,en
628,113,8,36,"Casino experience on our Western Caribbean 7-Day cruise aboard the Nieuw Statendam: Progressive jackpot slots were exciting. Someone won $15,000 on our sailing!",5,2025-10-20,en
629,442,9,44,The casino on the Koningsdam was fantastic! ATM fees in the casino were outrageous. $8 per transaction is highway robbery.,1,2025-11-12,en
630,441,10,46,I hated the slot machines on the Zuiderdam. Felt like the house edge was much higher than Las Vegas. Not great value.,2,2025-10-10,fr
631,434,2,10,"Spent a couple of evenings playing slots. Normal odds, nothing special to report. Overall, the Celebration casino gets a mixed review from me.",3,2025-11-22,en
632,455,11,55,I loved the slot machines on the Westerdam. Decent casino but nothing extraordinary. Standard cruise ship gaming experience.,3,2025-11-23,en
633,43,11,54,Spent most evenings in the casino on the Westerdam. The loyalty program rewards were outstanding. Got complimentary drinks all cruise.,5,2025-11-30,en
634,95,1,2,"Progressive jackpot slots were exciting. Someone won $15,000 on our sailing! Overall, the Mardi Gras casino gets a mixed review from me.",4,2025-10-17,en
635,27,10,48,Casino experience on our Mediterranean 14-Day cruise aboard the Zuiderdam: Staff remembered my name by the second day. That personal touch made all the difference.,5,2025-11-11,en
636,55,9,44,First time playing baccarat on a cruise ship (Koningsdam). Won big on the slot machines! The atmosphere was electric with everyone cheering.,4,2025-11-23,en
637,120,9,42,I was disappointed by the slot machines on the Koningsdam. Drink service in the casino was painfully slow. Had to wait 30 minutes for a cocktail.,2,2025-10-25,en
638,318,2,7,"The loyalty program rewards were outstanding. Got complimentary drinks all cruise. Overall, the Celebration casino gets a strong avoid from me.",4,2025-10-28,en
639,301,4,16,The dealers on the Carnival Venezia were professional. Slot machines seemed very tight. Played for hours without any significant wins.,1,2025-10-07,en
640,490,10,49,The dealers on the Zuiderdam were professional. The loyalty program rewards were outstanding. Got complimentary drinks all cruise.,4,2025-11-16,en
641,16,8,38,The dealers on the Nieuw Statendam were impatient. Great selection of table games. The blackjack tables had reasonable minimums.,4,2025-11-02,en
642,495,12,56,I enjoyed the slot machines on the Volendam. Casino was beautifully decorated and spacious. Never felt crowded even on peak nights.,4,2025-10-21,es
643,169,9,43,Spent most evenings in the casino on the Koningsdam. Best casino experience I have had on any cruise line. Will definitely come back.,4,2025-11-08,en
644,198,2,7,The casino on the Celebration was terrible! The loyalty program rewards were outstanding. Got complimentary drinks all cruise.,4,2025-10-20,en
645,19,9,44,First time playing baccarat on a cruise ship (Koningsdam). Won big on the slot machines! The atmosphere was electric with everyone cheering.,5,2025-11-10,en
646,84,4,19,The dealers on the Carnival Venezia were rude. ATM fees in the casino were outrageous. $8 per transaction is highway robbery.,2,2025-11-09,en
647,484,3,15,Casino experience on our Bahamas 4-Day cruise aboard the Jubilee: Staff remembered my name by the second day. That personal touch made all the difference.,5,2025-11-20,en
648,194,9,41,"First time playing poker on a cruise ship (Koningsdam). The dealers were friendly and professional, made the experience really enjoyable.",5,2025-10-15,en
649,78,2,8,Casino experience on our Bermuda 5-Day cruise aboard the Celebration: The VIP room was a fantastic experience. Personalized service and higher limits.,5,2025-10-26,en
650,179,8,39,The casino on the Nieuw Statendam was great! Dealers were rude and impatient with beginners. Not a welcoming environment.,1,2025-11-09,es
651,37,4,19,The casino on the Carnival Venezia was amazing! Casino was beautifully decorated and spacious. Never felt crowded even on peak nights.,4,2025-11-06,en
652,443,10,46,The dealers on the Zuiderdam were professional. The minimum bets were too high for casual players. $25 minimum blackjack is excessive.,2,2025-10-18,en
653,374,3,12,Spent most evenings in the casino on the Jubilee. The VIP room was a fantastic experience. Personalized service and higher limits.,5,2025-10-27,es
654,230,6,30,"The dealers on the Carnival Panorama were slow. The dealers were friendly and professional, made the experience really enjoyable.",5,2025-12-08,en
655,354,8,36,"Had a fantastic time at the poker tables on the Nieuw Statendam. The dealers were friendly and professional, made the experience really enjoyable.",5,2025-10-14,en
656,282,7,33,Casino experience on our Southern Caribbean 10-Day cruise aboard the Rotterdam: Staff remembered my name by the second day. That personal touch made all the difference.,5,2025-11-02,en
657,474,2,7,The casino on the Celebration was fantastic! Won big on the slot machines! The atmosphere was electric with everyone cheering.,4,2025-10-20,en
658,95,9,45,The casino on the Koningsdam was great! Slot machines seemed very tight. Played for hours without any significant wins.,2,2025-11-28,en
659,464,8,38,"The loyalty program rewards were outstanding. Got complimentary drinks all cruise. Overall, the Nieuw Statendam casino gets a two thumbs up from me.",5,2025-11-05,en
660,429,5,23,The casino on the Carnival Firenze was decent! Drink service in the casino was painfully slow. Had to wait 30 minutes for a cocktail.,1,2025-11-01,en
661,91,3,15,Casino experience on our Bahamas 4-Day cruise aboard the Jubilee: ATM fees in the casino were outrageous. $8 per transaction is highway robbery.,2,2025-11-23,en
662,330,10,46,I appreciated the slot machines on the Zuiderdam. Won big on the slot machines! The atmosphere was electric with everyone cheering.,4,2025-10-10,en
663,18,10,48,"The dealers on the Zuiderdam were wonderful. Spent a couple of evenings playing slots. Normal odds, nothing special to report.",3,2025-11-05,en
664,323,6,29,I loved the slot machines on the Carnival Panorama. Great selection of table games. The blackjack tables had reasonable minimums.,4,2025-11-23,en
665,489,4,19,I was disappointed by the slot machines on the Carnival Venezia. Won big on the slot machines! The atmosphere was electric with everyone cheering.,5,2025-11-05,en
666,184,1,3,Spent most evenings in the casino on the Mardi Gras. Best casino experience I have had on any cruise line. Will definitely come back.,4,2025-11-01,de
667,326,5,24,"The casino on the Carnival Firenze was fantastic! Progressive jackpot slots were exciting. Someone won $15,000 on our sailing!",5,2025-11-08,en
668,3,12,58,Casino experience on our Bahamas 4-Day cruise aboard the Volendam: Casino was beautifully decorated and spacious. Never felt crowded even on peak nights.,4,2025-10-22,en
669,336,2,6,The dealers on the Celebration were excellent. Best casino experience I have had on any cruise line. Will definitely come back.,4,2025-10-13,en
670,18,3,12,"I hated the slot machines on the Jubilee. Spent a couple of evenings playing slots. Normal odds, nothing special to report.",3,2025-10-30,fr
671,138,7,35,Casino experience on our Alaska 7-Day cruise aboard the Rotterdam: Staff remembered my name by the second day. That personal touch made all the difference.,5,2025-11-22,en
672,18,1,4,Had a decent time at the roulette tables on the Mardi Gras. Good for entertainment purposes but do not expect Vegas-level gaming.,3,2025-10-30,en
673,223,3,11,The casino on the Jubilee was amazing! The poker room closed too early. Would have liked late-night tournament options.,2,2025-10-17,en
674,271,6,26,The dealers on the Carnival Panorama were friendly. Won big on the slot machines! The atmosphere was electric with everyone cheering.,5,2025-10-20,en
675,489,11,54,First time playing blackjack on a cruise ship (Westerdam). ATM fees in the casino were outrageous. $8 per transaction is highway robbery.,1,2025-12-01,en
676,310,5,23,The casino on the Carnival Firenze was great! Won big on the slot machines! The atmosphere was electric with everyone cheering.,4,2025-11-08,en
677,139,8,39,"The loyalty program rewards were outstanding. Got complimentary drinks all cruise. Overall, the Nieuw Statendam casino gets a pass from me.",5,2025-11-21,en
678,23,11,55,The casino on the Westerdam was amazing! Staff remembered my name by the second day. That personal touch made all the difference.,4,2025-11-28,en
679,410,1,2,Spent most evenings in the casino on the Mardi Gras. Loved the poker tournament on sea days. Well organized with good prize pools.,4,2025-10-28,en
680,411,4,20,The casino on the Carnival Venezia was disappointing! Great selection of table games. The blackjack tables had reasonable minimums.,5,2025-11-20,en
681,450,3,14,Spent most evenings in the casino on the Jubilee. The loyalty program rewards were outstanding. Got complimentary drinks all cruise.,5,2025-11-13,es
682,159,1,2,Spent most evenings in the casino on the Mardi Gras. Great selection of table games. The blackjack tables had reasonable minimums.,4,2025-10-23,en
683,263,3,12,The dealers on the Jubilee were professional. Loved the poker tournament on sea days. Well organized with good prize pools.,4,2025-10-30,es
684,179,12,56,First time playing baccarat on a cruise ship (Volendam). The VIP room was a fantastic experience. Personalized service and higher limits.,5,2025-10-20,es
685,254,8,40,Casino experience on our Alaska 7-Day cruise aboard the Nieuw Statendam: Good for entertainment purposes but do not expect Vegas-level gaming.,3,2025-11-27,en
686,238,3,11,"The minimum bets were too high for casual players. $25 minimum blackjack is excessive. Overall, the Jubilee casino gets a thumbs up from me.",1,2025-10-17,en
687,110,10,49,Spent most evenings in the casino on the Zuiderdam. Won big on the slot machines! The atmosphere was electric with everyone cheering.,5,2025-11-17,en
688,478,4,17,First time playing blackjack on a cruise ship (Carnival Venezia). Casino was beautifully decorated and spacious. Never felt crowded even on peak nights.,5,2025-10-13,en
689,335,11,52,Casino experience on our Hawaii 15-Day cruise aboard the Westerdam: Best casino experience I have had on any cruise line. Will definitely come back.,4,2025-11-02,en
690,18,6,28,I hated the slot machines on the Carnival Panorama. Slot machines seemed very tight. Played for hours without any significant wins.,2,2025-11-10,en
691,175,8,40,Casino experience on our Alaska 7-Day cruise aboard the Nieuw Statendam: Drink service in the casino was painfully slow. Had to wait 30 minutes for a cocktail.,2,2025-11-23,en
692,251,12,58,Casino experience on our Bahamas 4-Day cruise aboard the Volendam: Decent casino but nothing extraordinary. Standard cruise ship gaming experience.,3,2025-10-23,en
693,499,1,1,The dealers on the Mardi Gras were friendly. Dealers were rude and impatient with beginners. Not a welcoming environment.,2,2025-10-19,es
694,345,11,52,I hated the slot machines on the Westerdam. The minimum bets were too high for casual players. $25 minimum blackjack is excessive.,2,2025-10-31,en
695,72,8,38,First time playing craps on a cruise ship (Nieuw Statendam). Dealers were rude and impatient with beginners. Not a welcoming environment.,1,2025-11-08,en
696,161,11,53,"Had a outstanding time at the poker tables on the Westerdam. Progressive jackpot slots were exciting. Someone won $15,000 on our sailing!",4,2025-11-02,en
697,128,6,30,"Progressive jackpot slots were exciting. Someone won $15,000 on our sailing! Overall, the Carnival Panorama casino gets a mixed review from me.",5,2025-11-28,en
698,1,8,38,I hated the slot machines on the Nieuw Statendam. Good for entertainment purposes but do not expect Vegas-level gaming.,3,2025-11-09,en
699,238,11,55,First time playing craps on a cruise ship (Westerdam). Won big on the slot machines! The atmosphere was electric with everyone cheering.,5,2025-12-04,en
700,171,9,42,Casino experience on our Hawaii 15-Day cruise aboard the Koningsdam: Drink service in the casino was painfully slow. Had to wait 30 minutes for a cocktail.,2,2025-10-30,en
701,10,1,3,The dealers on the Mardi Gras were slow. Best casino experience I have had on any cruise line. Will definitely come back.,4,2025-10-25,en
702,57,9,44,"Great selection of table games. The blackjack tables had reasonable minimums. Overall, the Koningsdam casino gets a two thumbs up from me.",5,2025-11-10,en
703,100,1,2,Had a decent time at the blackjack tables on the Mardi Gras. Best casino experience I have had on any cruise line. Will definitely come back.,5,2025-10-22,en
704,180,8,40,I appreciated the slot machines on the Nieuw Statendam. The casino was too small for the number of passengers. Always crowded and noisy.,1,2025-11-28,en
705,261,9,45,"The dealers on the Koningsdam were rude. The dealers were friendly and professional, made the experience really enjoyable.",4,2025-11-30,en
706,452,8,40,"Casino experience on our Alaska 7-Day cruise aboard the Nieuw Statendam: Progressive jackpot slots were exciting. Someone won $15,000 on our sailing!",5,2025-11-23,en
707,424,7,35,Casino experience on our Alaska 7-Day cruise aboard the Rotterdam: The casino was too small for the number of passengers. Always crowded and noisy.,1,2025-11-21,es
708,47,9,43,The dealers on the Koningsdam were slow. Loved the poker tournament on sea days. Well organized with good prize pools.,4,2025-11-02,en
709,397,1,3,First time playing roulette on a cruise ship (Mardi Gras). The poker room closed too early. Would have liked late-night tournament options.,2,2025-10-30,en
710,133,12,57,The casino on the Volendam was mediocre! Best casino experience I have had on any cruise line. Will definitely come back.,4,2025-10-25,en
711,498,2,6,Casino experience on our Southern Caribbean 10-Day cruise aboard the Celebration: Decent casino but nothing extraordinary. Standard cruise ship gaming experience.,3,2025-10-24,en
712,465,3,14,"The dealers on the Jubilee were impatient. Progressive jackpot slots were exciting. Someone won $15,000 on our sailing!",5,2025-11-15,en
713,109,6,30,Spent most evenings in the casino on the Carnival Panorama. Best casino experience I have had on any cruise line. Will definitely come back.,4,2025-12-08,es
714,406,5,23,First time playing roulette on a cruise ship (Carnival Firenze). Casino was beautifully decorated and spacious. Never felt crowded even on peak nights.,5,2025-10-27,en
715,425,7,32,The casino on the Rotterdam was disappointing! Loved the poker tournament on sea days. Well organized with good prize pools.,4,2025-10-29,en
716,411,3,13,First time playing baccarat on a cruise ship (Jubilee). Best casino experience I have had on any cruise line. Will definitely come back.,5,2025-11-01,en
717,340,12,60,Spent most evenings in the casino on the Volendam. Good for entertainment purposes but do not expect Vegas-level gaming.,3,2025-11-17,en
718,196,7,32,The dealers on the Rotterdam were impatient. The loyalty program rewards were outstanding. Got complimentary drinks all cruise.,4,2025-10-29,en
719,451,10,47,"Best casino experience I have had on any cruise line. Will definitely come back. Overall, the Zuiderdam casino gets a solid recommendation from me.",4,2025-10-16,en
720,107,9,45,Casino experience on our Panama Canal 11-Day cruise aboard the Koningsdam: Decent casino but nothing extraordinary. Standard cruise ship gaming experience.,3,2025-11-28,en
721,240,9,43,Had a disappointing time at the slots tables on the Koningsdam. The casino was too small for the number of passengers. Always crowded and noisy.,2,2025-11-11,es
722,257,7,34,First time playing slots on a cruise ship (Rotterdam). Staff remembered my name by the second day. That personal touch made all the difference.,4,2025-11-10,en
723,403,1,3,Had a okay time at the blackjack tables on the Mardi Gras. Staff remembered my name by the second day. That personal touch made all the difference.,4,2025-10-31,en
724,76,5,22,The casino on the Carnival Firenze was outstanding! Best casino experience I have had on any cruise line. Will definitely come back.,4,2025-10-14,en
725,248,2,6,"Spent most evenings in the casino on the Celebration. The dealers were friendly and professional, made the experience really enjoyable.",4,2025-10-19,en
726,395,5,22,I was thrilled by the slot machines on the Carnival Firenze. The VIP room was a fantastic experience. Personalized service and higher limits.,5,2025-10-24,en
727,72,1,1,Spent most evenings in the casino on the Mardi Gras. Staff remembered my name by the second day. That personal touch made all the difference.,5,2025-10-14,en
728,371,10,47,"I was thrilled by the slot machines on the Zuiderdam. Spent a couple of evenings playing slots. Normal odds, nothing special to report.",3,2025-10-28,en
729,289,11,52,Casino experience on our Hawaii 15-Day cruise aboard the Westerdam: Felt like the house edge was much higher than Las Vegas. Not great value.,2,2025-11-01,en
730,285,3,14,"Spent most evenings in the casino on the Jubilee. The dealers were friendly and professional, made the experience really enjoyable.",4,2025-11-12,en
731,321,9,41,"I loved the slot machines on the Koningsdam. The dealers were friendly and professional, made the experience really enjoyable.",4,2025-10-21,en
732,288,7,34,Spent most evenings in the casino on the Rotterdam. Drink service in the casino was painfully slow. Had to wait 30 minutes for a cocktail.,2,2025-11-09,en
733,424,4,19,The dealers on the Carnival Venezia were wonderful. Dealers were rude and impatient with beginners. Not a welcoming environment.,2,2025-11-16,en
734,117,9,41,The dealers on the Koningsdam were rude. Dealers were rude and impatient with beginners. Not a welcoming environment.,2,2025-10-17,en
735,176,7,35,Spent most evenings in the casino on the Rotterdam. Dealers were rude and impatient with beginners. Not a welcoming environment.,1,2025-11-14,en
736,165,11,52,The dealers on the Westerdam were rude. Loved the poker tournament on sea days. Well organized with good prize pools.,5,2025-11-05,en
737,32,8,36,Spent most evenings in the casino on the Nieuw Statendam. The VIP room was a fantastic experience. Personalized service and higher limits.,5,2025-10-12,en
738,136,7,31,First time playing craps on a cruise ship (Rotterdam). The minimum bets were too high for casual players. $25 minimum blackjack is excessive.,1,2025-10-09,en
739,417,10,49,"Had a disappointing time at the blackjack tables on the Zuiderdam. Progressive jackpot slots were exciting. Someone won $15,000 on our sailing!",5,2025-11-19,en
740,172,3,15,"Had a okay time at the poker tables on the Jubilee. The dealers were friendly and professional, made the experience really enjoyable.",4,2025-11-22,en
741,298,8,40,First time playing roulette on a cruise ship (Nieuw Statendam). The minimum bets were too high for casual players. $25 minimum blackjack is excessive.,2,2025-11-26,en
742,307,7,33,Casino experience on our Southern Caribbean 10-Day cruise aboard the Rotterdam: Good for entertainment purposes but do not expect Vegas-level gaming.,3,2025-11-10,en
743,219,3,12,Casino experience on our Eastern Caribbean 7-Day cruise aboard the Jubilee: Great selection of table games. The blackjack tables had reasonable minimums.,4,2025-11-02,en
744,165,3,12,First time playing craps on a cruise ship (Jubilee). Decent casino but nothing extraordinary. Standard cruise ship gaming experience.,3,2025-10-30,en
745,427,7,31,"Casino was beautifully decorated and spacious. Never felt crowded even on peak nights. Overall, the Rotterdam casino gets a strong avoid from me.",5,2025-10-22,en
746,149,3,12,The casino on the Jubilee was disappointing! Slot machines seemed very tight. Played for hours without any significant wins.,2,2025-10-26,en
747,253,4,16,The casino on the Carnival Venezia was decent! Good for entertainment purposes but do not expect Vegas-level gaming.,3,2025-10-10,en
748,202,7,35,Spent most evenings in the casino on the Rotterdam. Staff remembered my name by the second day. That personal touch made all the difference.,5,2025-11-12,en
749,149,1,4,The casino on the Mardi Gras was terrible! Decent casino but nothing extraordinary. Standard cruise ship gaming experience.,3,2025-11-07,en
750,392,6,29,Casino experience on our Southern Caribbean 10-Day cruise aboard the Carnival Panorama: Slot machines seemed very tight. Played for hours without any significant wins.,2,2025-11-13,en
751,263,3,14,Spent most evenings in the casino on the Jubilee. Great selection of table games. The blackjack tables had reasonable minimums.,4,2025-11-10,en
752,377,6,26,Spent most evenings in the casino on the Carnival Panorama. The loyalty program rewards were outstanding. Got complimentary drinks all cruise.,4,2025-10-25,en
753,225,7,34,Casino experience on our Bahamas 4-Day cruise aboard the Rotterdam: Casino was beautifully decorated and spacious. Never felt crowded even on peak nights.,5,2025-11-13,en
754,214,7,34,Had a decent time at the slots tables on the Rotterdam. Casino was beautifully decorated and spacious. Never felt crowded even on peak nights.,5,2025-11-14,en
755,276,5,25,"Spent most evenings in the casino on the Carnival Firenze. The dealers were friendly and professional, made the experience really enjoyable.",5,2025-11-22,en
756,191,5,21,"Decent casino but nothing extraordinary. Standard cruise ship gaming experience. Overall, the Carnival Firenze casino gets a solid recommendation from me.",3,2025-10-11,en
757,186,10,49,Spent most evenings in the casino on the Zuiderdam. Felt like the house edge was much higher than Las Vegas. Not great value.,2,2025-11-16,de
758,198,5,22,I was thrilled by the slot machines on the Carnival Firenze. Decent casino but nothing extraordinary. Standard cruise ship gaming experience.,3,2025-10-13,fr
759,58,7,35,"Best casino experience I have had on any cruise line. Will definitely come back. Overall, the Rotterdam casino gets a two thumbs up from me.",4,2025-11-22,en
760,451,9,45,"Played a few rounds of blackjack. Won some, lost some. Pretty average experience. Overall, the Koningsdam casino gets a mixed review from me.",3,2025-12-04,en
761,284,7,31,Spent most evenings in the casino on the Rotterdam. Decent casino but nothing extraordinary. Standard cruise ship gaming experience.,3,2025-10-13,en
762,477,4,17,I appreciated the slot machines on the Carnival Venezia. Casino was beautifully decorated and spacious. Never felt crowded even on peak nights.,4,2025-10-12,en
763,310,2,9,"Spent most evenings in the casino on the Celebration. Progressive jackpot slots were exciting. Someone won $15,000 on our sailing!",4,2025-11-16,en
764,343,9,42,Casino experience on our Hawaii 15-Day cruise aboard the Koningsdam: Great selection of table games. The blackjack tables had reasonable minimums.,5,2025-11-01,es
765,123,10,48,The dealers on the Zuiderdam were slow. Loved the poker tournament on sea days. Well organized with good prize pools.,4,2025-11-07,en
766,259,3,13,"Casino experience on our Eastern Caribbean 7-Day cruise aboard the Jubilee: Spent a couple of evenings playing slots. Normal odds, nothing special to report.",3,2025-11-01,en
767,46,6,29,"Great selection of table games. The blackjack tables had reasonable minimums. Overall, the Carnival Panorama casino gets a mixed review from me.",4,2025-11-24,en
768,58,7,32,The casino on the Rotterdam was outstanding! Great selection of table games. The blackjack tables had reasonable minimums.,4,2025-10-18,en
769,351,2,8,First time playing craps on a cruise ship (Celebration). Good for entertainment purposes but do not expect Vegas-level gaming.,3,2025-11-06,en
770,285,1,5,"Decent casino but nothing extraordinary. Standard cruise ship gaming experience. Overall, the Mardi Gras casino gets a strong avoid from me.",3,2025-11-06,en
771,308,8,38,I loved the slot machines on the Nieuw Statendam. Best casino experience I have had on any cruise line. Will definitely come back.,4,2025-11-14,fr
772,154,10,50,First time playing craps on a cruise ship (Zuiderdam). Great selection of table games. The blackjack tables had reasonable minimums.,4,2025-11-16,en
773,374,11,55,"First time playing poker on a cruise ship (Westerdam). The dealers were friendly and professional, made the experience really enjoyable.",4,2025-11-23,es
774,395,12,58,The casino on the Volendam was outstanding! Decent casino but nothing extraordinary. Standard cruise ship gaming experience.,3,2025-11-03,en
775,126,12,60,The dealers on the Volendam were wonderful. Dealers were rude and impatient with beginners. Not a welcoming environment.,2,2025-11-08,en
776,255,10,49,I enjoyed the slot machines on the Zuiderdam. Best casino experience I have had on any cruise line. Will definitely come back.,5,2025-11-15,en
777,72,4,18,The dealers on the Carnival Venezia were impatient. Decent casino but nothing extraordinary. Standard cruise ship gaming experience.,3,2025-11-05,en
778,358,2,6,Spent most evenings in the casino on the Celebration. The loyalty program rewards were outstanding. Got complimentary drinks all cruise.,5,2025-10-13,en
779,97,5,24,The dealers on the Carnival Firenze were wonderful. Casino was beautifully decorated and spacious. Never felt crowded even on peak nights.,4,2025-11-01,en
780,255,9,43,I was thrilled by the slot machines on the Koningsdam. ATM fees in the casino were outrageous. $8 per transaction is highway robbery.,1,2025-11-11,en
781,423,2,10,The casino on the Celebration was wonderful! The loyalty program rewards were outstanding. Got complimentary drinks all cruise.,4,2025-11-20,en
782,188,7,33,Spent most evenings in the casino on the Rotterdam. Staff remembered my name by the second day. That personal touch made all the difference.,4,2025-11-06,en
783,167,3,15,The dealers on the Jubilee were attentive. Slot machines seemed very tight. Played for hours without any significant wins.,1,2025-11-26,en
784,286,2,7,Casino experience on our Western Caribbean 7-Day cruise aboard the Celebration: The poker room closed too early. Would have liked late-night tournament options.,1,2025-10-27,en
785,423,5,25,Casino experience on our Panama Canal 11-Day cruise aboard the Carnival Firenze: Casino was beautifully decorated and spacious. Never felt crowded even on peak nights.,4,2025-11-16,de
786,395,2,9,"The loyalty program rewards were outstanding. Got complimentary drinks all cruise. Overall, the Celebration casino gets a strong avoid from me.",4,2025-11-10,en
787,214,10,47,Had a amazing time at the craps tables on the Zuiderdam. Dealers were rude and impatient with beginners. Not a welcoming environment.,1,2025-10-19,en
788,443,10,47,The dealers on the Zuiderdam were friendly. The loyalty program rewards were outstanding. Got complimentary drinks all cruise.,4,2025-10-23,en
789,65,5,21,The dealers on the Carnival Firenze were excellent. Loved the poker tournament on sea days. Well organized with good prize pools.,4,2025-10-09,fr
790,226,10,49,I was disappointed by the slot machines on the Zuiderdam. The minimum bets were too high for casual players. $25 minimum blackjack is excessive.,2,2025-11-20,en
791,145,4,17,"First time playing baccarat on a cruise ship (Carnival Venezia). Spent a couple of evenings playing slots. Normal odds, nothing special to report.",3,2025-10-19,en
792,55,9,45,"Casino experience on our Panama Canal 11-Day cruise aboard the Koningsdam: Progressive jackpot slots were exciting. Someone won $15,000 on our sailing!",4,2025-11-25,en
793,417,4,16,Casino experience on our Bahamas 4-Day cruise aboard the Carnival Venezia: Felt like the house edge was much higher than Las Vegas. Not great value.,2,2025-10-10,en
794,15,8,40,Casino experience on our Alaska 7-Day cruise aboard the Nieuw Statendam: Best casino experience I have had on any cruise line. Will definitely come back.,4,2025-11-26,de
795,103,5,25,Had a terrible time at the poker tables on the Carnival Firenze. Drink service in the casino was painfully slow. Had to wait 30 minutes for a cocktail.,1,2025-11-14,en
796,426,9,41,The casino on the Koningsdam was okay! Casino was extremely smoky. Needs better ventilation or a non-smoking section.,1,2025-10-12,en
797,496,6,28,Casino experience on our Eastern Caribbean 7-Day cruise aboard the Carnival Panorama: ATM fees in the casino were outrageous. $8 per transaction is highway robbery.,1,2025-11-12,en
798,413,1,4,"The casino on the Mardi Gras was okay! Played a few rounds of blackjack. Won some, lost some. Pretty average experience.",3,2025-11-03,en
799,263,6,28,"I appreciated the slot machines on the Carnival Panorama. Progressive jackpot slots were exciting. Someone won $15,000 on our sailing!",5,2025-11-07,en
800,258,12,59,The casino on the Volendam was outstanding! Won big on the slot machines! The atmosphere was electric with everyone cheering.,4,2025-10-30,en
801,140,10,46,The dealers on the Zuiderdam were rude. Best casino experience I have had on any cruise line. Will definitely come back.,4,2025-10-20,en
802,392,1,2,The dealers on the Mardi Gras were friendly. Staff remembered my name by the second day. That personal touch made all the difference.,4,2025-10-17,es
803,313,8,37,First time playing poker on a cruise ship (Nieuw Statendam). The VIP room was a fantastic experience. Personalized service and higher limits.,5,2025-10-29,en
804,275,12,56,Spent most evenings in the casino on the Volendam. Casino was extremely smoky. Needs better ventilation or a non-smoking section.,2,2025-10-17,en
805,10,1,3,First time playing craps on a cruise ship (Mardi Gras). The loyalty tier system is confusing. Could not figure out how to earn or redeem points.,2,2025-11-07,en
806,2,6,27,Casino experience on our Mexican Riviera 7-Day cruise aboard the Carnival Panorama: Best casino experience I have had on any cruise line. Will definitely come back.,5,2025-10-30,en
807,500,3,11,Casino experience on our Mediterranean 14-Day cruise aboard the Jubilee: The VIP room was a fantastic experience. Personalized service and higher limits.,4,2025-10-29,fr
808,309,8,38,Spent most evenings in the casino on the Nieuw Statendam. The minimum bets were too high for casual players. $25 minimum blackjack is excessive.,1,2025-11-01,en
809,238,1,4,"Spent most evenings in the casino on the Mardi Gras. The dealers were friendly and professional, made the experience really enjoyable.",5,2025-11-04,de
810,450,3,12,First time playing poker on a cruise ship (Jubilee). Won big on the slot machines! The atmosphere was electric with everyone cheering.,5,2025-10-24,en
811,20,7,34,The dealers on the Rotterdam were rude. Loved the poker tournament on sea days. Well organized with good prize pools.,5,2025-11-15,es
812,285,2,9,Casino experience on our Western Caribbean 7-Day cruise aboard the Celebration: Staff remembered my name by the second day. That personal touch made all the difference.,4,2025-11-06,en
813,147,8,36,"The dealers were friendly and professional, made the experience really enjoyable. Overall, the Nieuw Statendam casino gets a strong avoid from me.",5,2025-10-10,en
814,160,4,18,The dealers on the Carnival Venezia were professional. Decent casino but nothing extraordinary. Standard cruise ship gaming experience.,3,2025-11-10,en
815,305,6,27,"Casino was extremely smoky. Needs better ventilation or a non-smoking section. Overall, the Carnival Panorama casino gets a thumbs up from me.",1,2025-11-01,en
816,386,10,47,I hated the slot machines on the Zuiderdam. Best casino experience I have had on any cruise line. Will definitely come back.,4,2025-10-26,en
817,248,10,50,I was disappointed by the slot machines on the Zuiderdam. Won big on the slot machines! The atmosphere was electric with everyone cheering.,4,2025-11-20,en
818,487,11,55,"Casino experience on our Bahamas 4-Day cruise aboard the Westerdam: The dealers were friendly and professional, made the experience really enjoyable.",5,2025-12-01,en
819,441,9,45,Had a great time at the baccarat tables on the Koningsdam. Best casino experience I have had on any cruise line. Will definitely come back.,5,2025-12-05,en
820,136,1,2,"Best casino experience I have had on any cruise line. Will definitely come back. Overall, the Mardi Gras casino gets a solid recommendation from me.",5,2025-10-18,en
821,356,9,41,Had a disappointing time at the roulette tables on the Koningsdam. Casino was extremely smoky. Needs better ventilation or a non-smoking section.,2,2025-10-15,en
822,456,5,23,"Had a disappointing time at the poker tables on the Carnival Firenze. Progressive jackpot slots were exciting. Someone won $15,000 on our sailing!",4,2025-11-01,en
823,499,7,31,"The VIP room was a fantastic experience. Personalized service and higher limits. Overall, the Rotterdam casino gets a mixed review from me.",4,2025-10-22,en
824,213,9,44,Had a amazing time at the poker tables on the Koningsdam. Loved the poker tournament on sea days. Well organized with good prize pools.,4,2025-11-23,en
825,394,4,18,"The VIP room was a fantastic experience. Personalized service and higher limits. Overall, the Carnival Venezia casino gets a solid recommendation from me.",4,2025-11-07,de
826,90,3,13,The dealers on the Jubilee were rude. Felt like the house edge was much higher than Las Vegas. Not great value.,2,2025-11-02,fr
827,250,4,20,The casino on the Carnival Venezia was great! Won big on the slot machines! The atmosphere was electric with everyone cheering.,4,2025-11-19,en
828,126,2,10,Had a disappointing time at the craps tables on the Celebration. Dealers were rude and impatient with beginners. Not a welcoming environment.,2,2025-11-28,de
829,382,9,44,Had a okay time at the baccarat tables on the Koningsdam. The casino was too small for the number of passengers. Always crowded and noisy.,1,2025-11-14,en
830,206,5,24,Had a mediocre time at the roulette tables on the Carnival Firenze. The minimum bets were too high for casual players. $25 minimum blackjack is excessive.,1,2025-11-13,en
831,94,7,32,The casino on the Rotterdam was great! The loyalty program rewards were outstanding. Got complimentary drinks all cruise.,5,2025-10-18,en
832,419,6,30,Had a decent time at the craps tables on the Carnival Panorama. The VIP room was a fantastic experience. Personalized service and higher limits.,4,2025-12-03,es
833,90,11,53,The dealers on the Westerdam were rude. Felt like the house edge was much higher than Las Vegas. Not great value.,1,2025-11-06,en
834,355,3,11,"Loved the poker tournament on sea days. Well organized with good prize pools. Overall, the Jubilee casino gets a pass from me.",5,2025-10-29,en
835,31,2,9,Casino experience on our Western Caribbean 7-Day cruise aboard the Celebration: Good for entertainment purposes but do not expect Vegas-level gaming.,3,2025-11-04,en
836,306,12,58,First time playing craps on a cruise ship (Volendam). The casino was okay. Not as large as I expected but had all the major games.,3,2025-10-26,en
837,53,10,48,Spent most evenings in the casino on the Zuiderdam. The casino was too small for the number of passengers. Always crowded and noisy.,2,2025-10-31,es
838,493,11,54,Casino experience on our Hawaii 15-Day cruise aboard the Westerdam: Felt like the house edge was much higher than Las Vegas. Not great value.,1,2025-11-27,en
839,153,2,10,Had a disappointing time at the baccarat tables on the Celebration. Dealers were rude and impatient with beginners. Not a welcoming environment.,2,2025-11-21,en
840,331,11,52,First time playing craps on a cruise ship (Westerdam). Great selection of table games. The blackjack tables had reasonable minimums.,5,2025-10-27,en
841,108,4,19,First time playing slots on a cruise ship (Carnival Venezia). The loyalty program rewards were outstanding. Got complimentary drinks all cruise.,4,2025-11-11,en
842,83,12,57,The dealers on the Volendam were rude. Decent casino but nothing extraordinary. Standard cruise ship gaming experience.,3,2025-10-19,en
843,209,9,41,Casino experience on our Alaska 7-Day cruise aboard the Koningsdam: Staff remembered my name by the second day. That personal touch made all the difference.,5,2025-10-18,en
844,344,4,20,First time playing blackjack on a cruise ship (Carnival Venezia). Won big on the slot machines! The atmosphere was electric with everyone cheering.,4,2025-11-12,es
845,192,6,30,Spent most evenings in the casino on the Carnival Panorama. Best casino experience I have had on any cruise line. Will definitely come back.,4,2025-11-30,en
846,424,9,44,"The dealers on the Koningsdam were friendly. Progressive jackpot slots were exciting. Someone won $15,000 on our sailing!",5,2025-11-20,en
847,314,11,53,Had a wonderful time at the blackjack tables on the Westerdam. Decent casino but nothing extraordinary. Standard cruise ship gaming experience.,3,2025-11-10,en
848,447,8,36,I was thrilled by the slot machines on the Nieuw Statendam. The casino was too small for the number of passengers. Always crowded and noisy.,2,2025-10-21,en
849,289,11,55,The dealers on the Westerdam were rude. The minimum bets were too high for casual players. $25 minimum blackjack is excessive.,1,2025-11-30,en
850,436,9,41,The dealers on the Koningsdam were friendly. The loyalty tier system is confusing. Could not figure out how to earn or redeem points.,1,2025-10-21,en
851,387,1,4,"The casino was okay. Not as large as I expected but had all the major games. Overall, the Mardi Gras casino gets a mixed review from me.",3,2025-11-09,en
852,344,2,6,Had a okay time at the slots tables on the Celebration. The VIP room was a fantastic experience. Personalized service and higher limits.,4,2025-10-17,en
853,332,10,47,"The loyalty program rewards were outstanding. Got complimentary drinks all cruise. Overall, the Zuiderdam casino gets a thumbs up from me.",4,2025-10-20,es
854,53,8,36,"Played a few rounds of blackjack. Won some, lost some. Pretty average experience. Overall, the Nieuw Statendam casino gets a mixed review from me.",3,2025-10-14,en
855,418,1,5,Had a mediocre time at the baccarat tables on the Mardi Gras. Drink service in the casino was painfully slow. Had to wait 30 minutes for a cocktail.,1,2025-11-15,en
856,215,11,51,I hated the slot machines on the Westerdam. Dealers were rude and impatient with beginners. Not a welcoming environment.,2,2025-10-14,en
857,173,4,17,"Spent most evenings in the casino on the Carnival Venezia. Spent a couple of evenings playing slots. Normal odds, nothing special to report.",3,2025-10-20,en
858,445,8,39,"The casino on the Nieuw Statendam was terrible! The dealers were friendly and professional, made the experience really enjoyable.",5,2025-11-22,en
859,21,12,56,Had a fantastic time at the roulette tables on the Volendam. Casino was beautifully decorated and spacious. Never felt crowded even on peak nights.,4,2025-10-20,en
860,47,2,6,The casino on the Celebration was outstanding! Felt like the house edge was much higher than Las Vegas. Not great value.,2,2025-10-23,en
861,215,3,13,"First time playing baccarat on a cruise ship (Jubilee). The dealers were friendly and professional, made the experience really enjoyable.",5,2025-11-09,en
862,212,1,1,First time playing poker on a cruise ship (Mardi Gras). Casino was beautifully decorated and spacious. Never felt crowded even on peak nights.,4,2025-10-16,en
863,30,10,49,The dealers on the Zuiderdam were slow. Casino was beautifully decorated and spacious. Never felt crowded even on peak nights.,5,2025-11-07,en
864,414,2,10,Casino experience on our Hawaii 15-Day cruise aboard the Celebration: The casino was okay. Not as large as I expected but had all the major games.,3,2025-11-19,en
865,188,5,22,The casino on the Carnival Firenze was amazing! The VIP room was a fantastic experience. Personalized service and higher limits.,4,2025-10-23,en
866,20,7,31,Casino experience on our Alaska 7-Day cruise aboard the Rotterdam: Casino was extremely smoky. Needs better ventilation or a non-smoking section.,2,2025-10-13,es
867,387,12,60,"Progressive jackpot slots were exciting. Someone won $15,000 on our sailing! Overall, the Volendam casino gets a thumbs up from me.",5,2025-11-15,en
868,481,7,31,I hated the slot machines on the Rotterdam. The minimum bets were too high for casual players. $25 minimum blackjack is excessive.,2,2025-10-12,en
869,18,7,34,"Casino was extremely smoky. Needs better ventilation or a non-smoking section. Overall, the Rotterdam casino gets a pass from me.",2,2025-11-14,fr
870,243,12,59,Had a fantastic time at the roulette tables on the Volendam. Staff remembered my name by the second day. That personal touch made all the difference.,4,2025-11-03,en
871,123,5,21,"The casino on the Carnival Firenze was wonderful! Progressive jackpot slots were exciting. Someone won $15,000 on our sailing!",4,2025-10-14,en
872,438,6,27,The dealers on the Carnival Panorama were slow. The loyalty program rewards were outstanding. Got complimentary drinks all cruise.,5,2025-10-28,en
873,413,7,32,I was thrilled by the slot machines on the Rotterdam. Great selection of table games. The blackjack tables had reasonable minimums.,5,2025-10-19,es
874,182,4,16,Spent most evenings in the casino on the Carnival Venezia. Decent casino but nothing extraordinary. Standard cruise ship gaming experience.,3,2025-10-16,en
875,152,4,17,First time playing baccarat on a cruise ship (Carnival Venezia). Good for entertainment purposes but do not expect Vegas-level gaming.,3,2025-10-18,en
876,491,4,17,"Had a great time at the blackjack tables on the Carnival Venezia. Progressive jackpot slots were exciting. Someone won $15,000 on our sailing!",5,2025-10-15,en
877,191,5,23,"Casino experience on our Mediterranean 14-Day cruise aboard the Carnival Firenze: Progressive jackpot slots were exciting. Someone won $15,000 on our sailing!",4,2025-11-01,en
878,111,12,57,Spent most evenings in the casino on the Volendam. The loyalty tier system is confusing. Could not figure out how to earn or redeem points.,2,2025-10-29,en
879,72,3,14,I hated the slot machines on the Jubilee. Won big on the slot machines! The atmosphere was electric with everyone cheering.,5,2025-11-19,fr
880,233,3,15,I was thrilled by the slot machines on the Jubilee. Drink service in the casino was painfully slow. Had to wait 30 minutes for a cocktail.,2,2025-11-17,en
881,140,1,5,Had a outstanding time at the baccarat tables on the Mardi Gras. Casino was beautifully decorated and spacious. Never felt crowded even on peak nights.,4,2025-11-09,en
882,14,12,56,Had a amazing time at the roulette tables on the Volendam. The casino was okay. Not as large as I expected but had all the major games.,3,2025-10-19,en
883,9,2,9,First time playing poker on a cruise ship (Celebration). Good for entertainment purposes but do not expect Vegas-level gaming.,3,2025-11-13,en
884,411,5,22,Had a fantastic time at the craps tables on the Carnival Firenze. The poker room closed too early. Would have liked late-night tournament options.,1,2025-10-16,de
885,1,6,26,First time playing craps on a cruise ship (Carnival Panorama). Loved the poker tournament on sea days. Well organized with good prize pools.,5,2025-10-30,en
886,438,2,6,First time playing poker on a cruise ship (Celebration). The casino was too small for the number of passengers. Always crowded and noisy.,1,2025-10-18,en
887,280,5,22,"Casino experience on our Bermuda 5-Day cruise aboard the Carnival Firenze: The dealers were friendly and professional, made the experience really enjoyable.",4,2025-10-25,en
888,74,11,55,I hated the slot machines on the Westerdam. The casino was okay. Not as large as I expected but had all the major games.,3,2025-11-29,en
889,122,1,1,"I hated the slot machines on the Mardi Gras. Progressive jackpot slots were exciting. Someone won $15,000 on our sailing!",4,2025-10-10,en
890,116,7,32,Casino experience on our Mexican Riviera 7-Day cruise aboard the Rotterdam: Good for entertainment purposes but do not expect Vegas-level gaming.,3,2025-10-24,es
891,137,2,9,"Dealers were rude and impatient with beginners. Not a welcoming environment. Overall, the Celebration casino gets a strong avoid from me.",1,2025-11-06,en
892,437,1,2,Spent most evenings in the casino on the Mardi Gras. Loved the poker tournament on sea days. Well organized with good prize pools.,5,2025-10-18,en
893,116,1,4,I enjoyed the slot machines on the Mardi Gras. Staff remembered my name by the second day. That personal touch made all the difference.,5,2025-11-01,en
894,155,4,17,First time playing slots on a cruise ship (Carnival Venezia). Casino was beautifully decorated and spacious. Never felt crowded even on peak nights.,4,2025-10-12,en
895,377,12,60,"Casino was extremely smoky. Needs better ventilation or a non-smoking section. Overall, the Volendam casino gets a solid recommendation from me.",2,2025-11-10,fr
896,225,11,51,"I was disappointed by the slot machines on the Westerdam. Spent a couple of evenings playing slots. Normal odds, nothing special to report.",3,2025-10-14,en
897,11,3,15,"Casino experience on our Bahamas 4-Day cruise aboard the Jubilee: Progressive jackpot slots were exciting. Someone won $15,000 on our sailing!",5,2025-11-24,en
898,121,1,5,Spent most evenings in the casino on the Mardi Gras. Great selection of table games. The blackjack tables had reasonable minimums.,5,2025-11-13,en
899,383,3,15,"Casino was extremely smoky. Needs better ventilation or a non-smoking section. Overall, the Jubilee casino gets a pass from me.",1,2025-11-17,en
900,315,11,51,Had a okay time at the craps tables on the Westerdam. The loyalty program rewards were outstanding. Got complimentary drinks all cruise.,4,2025-10-10,en
901,172,9,45,First time playing craps on a cruise ship (Koningsdam). The VIP room was a fantastic experience. Personalized service and higher limits.,4,2025-11-30,es
902,423,11,55,Spent most evenings in the casino on the Westerdam. Staff remembered my name by the second day. That personal touch made all the difference.,4,2025-12-02,en
903,373,7,33,The casino on the Rotterdam was outstanding! The loyalty program rewards were outstanding. Got complimentary drinks all cruise.,4,2025-11-05,en
904,146,3,15,I was thrilled by the slot machines on the Jubilee. Won big on the slot machines! The atmosphere was electric with everyone cheering.,4,2025-11-16,en
905,429,11,52,First time playing blackjack on a cruise ship (Westerdam). Best casino experience I have had on any cruise line. Will definitely come back.,4,2025-10-27,en
906,204,9,41,"I appreciated the slot machines on the Koningsdam. Spent a couple of evenings playing slots. Normal odds, nothing special to report.",3,2025-10-22,en
907,167,1,5,"The dealers on the Mardi Gras were professional. Progressive jackpot slots were exciting. Someone won $15,000 on our sailing!",4,2025-11-14,es
908,149,10,47,"First time playing slots on a cruise ship (Zuiderdam). Played a few rounds of blackjack. Won some, lost some. Pretty average experience.",3,2025-10-17,en
909,32,12,59,"Progressive jackpot slots were exciting. Someone won $15,000 on our sailing! Overall, the Volendam casino gets a strong avoid from me.",5,2025-11-10,en
910,302,9,45,Casino experience on our Panama Canal 11-Day cruise aboard the Koningsdam: The VIP room was a fantastic experience. Personalized service and higher limits.,5,2025-11-23,en
911,101,1,3,Spent most evenings in the casino on the Mardi Gras. Slot machines seemed very tight. Played for hours without any significant wins.,2,2025-10-26,en
912,223,11,52,"I was thrilled by the slot machines on the Westerdam. Progressive jackpot slots were exciting. Someone won $15,000 on our sailing!",4,2025-10-29,es
913,199,12,56,Had a wonderful time at the slots tables on the Volendam. ATM fees in the casino were outrageous. $8 per transaction is highway robbery.,2,2025-10-10,en
914,72,7,35,"Great selection of table games. The blackjack tables had reasonable minimums. Overall, the Rotterdam casino gets a mixed review from me.",5,2025-11-11,en
915,286,9,44,Had a mediocre time at the baccarat tables on the Koningsdam. Drink service in the casino was painfully slow. Had to wait 30 minutes for a cocktail.,1,2025-11-16,en
916,213,10,47,I was thrilled by the slot machines on the Zuiderdam. The minimum bets were too high for casual players. $25 minimum blackjack is excessive.,1,2025-10-22,en
917,143,1,2,The dealers on the Mardi Gras were slow. Best casino experience I have had on any cruise line. Will definitely come back.,4,2025-10-18,en
918,63,4,18,First time playing slots on a cruise ship (Carnival Venezia). The loyalty tier system is confusing. Could not figure out how to earn or redeem points.,2,2025-11-03,en
919,318,3,12,Spent most evenings in the casino on the Jubilee. Loved the poker tournament on sea days. Well organized with good prize pools.,4,2025-10-24,en
920,234,9,41,"The casino on the Koningsdam was mediocre! Progressive jackpot slots were exciting. Someone won $15,000 on our sailing!",4,2025-10-17,en
921,159,3,15,"Won big on the slot machines! The atmosphere was electric with everyone cheering. Overall, the Jubilee casino gets a mixed review from me.",5,2025-11-25,en
922,428,2,8,"Loved the poker tournament on sea days. Well organized with good prize pools. Overall, the Celebration casino gets a two thumbs up from me.",5,2025-11-01,en
923,55,9,43,First time playing slots on a cruise ship (Koningsdam). Casino was beautifully decorated and spacious. Never felt crowded even on peak nights.,4,2025-11-05,en
924,340,8,36,"Best casino experience I have had on any cruise line. Will definitely come back. Overall, the Nieuw Statendam casino gets a thumbs up from me.",5,2025-10-21,en
925,259,5,21,Spent most evenings in the casino on the Carnival Firenze. Good for entertainment purposes but do not expect Vegas-level gaming.,3,2025-10-09,en
926,165,1,3,First time playing craps on a cruise ship (Mardi Gras). Dealers were rude and impatient with beginners. Not a welcoming environment.,2,2025-11-06,en
927,106,6,27,Spent most evenings in the casino on the Carnival Panorama. ATM fees in the casino were outrageous. $8 per transaction is highway robbery.,2,2025-11-07,en
928,18,4,18,"The dealers on the Carnival Venezia were wonderful. Progressive jackpot slots were exciting. Someone won $15,000 on our sailing!",5,2025-10-31,en
929,463,4,17,Spent most evenings in the casino on the Carnival Venezia. Staff remembered my name by the second day. That personal touch made all the difference.,4,2025-10-12,de
930,312,3,11,"Played a few rounds of blackjack. Won some, lost some. Pretty average experience. Overall, the Jubilee casino gets a pass from me.",3,2025-10-20,es
931,394,10,49,Casino experience on our Western Caribbean 7-Day cruise aboard the Zuiderdam: Decent casino but nothing extraordinary. Standard cruise ship gaming experience.,3,2025-11-11,es
932,197,1,2,The casino on the Mardi Gras was mediocre! The poker room closed too early. Would have liked late-night tournament options.,1,2025-10-21,en
933,164,4,20,First time playing baccarat on a cruise ship (Carnival Venezia). Felt like the house edge was much higher than Las Vegas. Not great value.,2,2025-11-12,en
934,109,11,51,"Spent most evenings in the casino on the Westerdam. The dealers were friendly and professional, made the experience really enjoyable.",5,2025-10-22,en
935,268,8,38,"Casino was extremely smoky. Needs better ventilation or a non-smoking section. Overall, the Nieuw Statendam casino gets a strong avoid from me.",1,2025-11-01,en
936,345,12,59,Had a amazing time at the slots tables on the Volendam. Won big on the slot machines! The atmosphere was electric with everyone cheering.,4,2025-11-05,en
937,439,7,32,The dealers on the Rotterdam were friendly. Best casino experience I have had on any cruise line. Will definitely come back.,5,2025-10-26,en
938,40,1,1,Had a decent time at the slots tables on the Mardi Gras. Best casino experience I have had on any cruise line. Will definitely come back.,4,2025-10-22,en
939,55,6,27,Had a great time at the slots tables on the Carnival Panorama. Loved the poker tournament on sea days. Well organized with good prize pools.,4,2025-11-04,en
940,26,4,20,Had a disappointing time at the poker tables on the Carnival Venezia. Loved the poker tournament on sea days. Well organized with good prize pools.,4,2025-11-11,en
941,163,7,31,"Spent most evenings in the casino on the Rotterdam. Progressive jackpot slots were exciting. Someone won $15,000 on our sailing!",5,2025-10-13,en
942,444,9,43,Casino experience on our Mexican Riviera 7-Day cruise aboard the Koningsdam: The loyalty program rewards were outstanding. Got complimentary drinks all cruise.,4,2025-11-09,en
943,329,3,15,I loved the slot machines on the Jubilee. Best casino experience I have had on any cruise line. Will definitely come back.,4,2025-11-21,en
944,371,2,6,Spent most evenings in the casino on the Celebration. Decent casino but nothing extraordinary. Standard cruise ship gaming experience.,3,2025-10-25,en
945,346,10,50,"The dealers on the Zuiderdam were wonderful. Played a few rounds of blackjack. Won some, lost some. Pretty average experience.",3,2025-11-19,en
946,300,7,33,I loved the slot machines on the Rotterdam. Won big on the slot machines! The atmosphere was electric with everyone cheering.,4,2025-11-06,en
947,29,10,47,"First time playing poker on a cruise ship (Zuiderdam). The dealers were friendly and professional, made the experience really enjoyable.",5,2025-10-25,es
948,212,7,34,The casino on the Rotterdam was great! Casino was extremely smoky. Needs better ventilation or a non-smoking section.,2,2025-11-07,es
949,386,7,35,The casino on the Rotterdam was mediocre! Staff remembered my name by the second day. That personal touch made all the difference.,4,2025-11-15,en
950,382,6,26,Had a amazing time at the baccarat tables on the Carnival Panorama. Loved the poker tournament on sea days. Well organized with good prize pools.,5,2025-10-17,es
951,369,4,19,"The dealers on the Carnival Venezia were impatient. Progressive jackpot slots were exciting. Someone won $15,000 on our sailing!",5,2025-11-13,en
952,53,6,29,"I loved the slot machines on the Carnival Panorama. Played a few rounds of blackjack. Won some, lost some. Pretty average experience.",3,2025-11-16,en
953,294,8,40,Casino experience on our Alaska 7-Day cruise aboard the Nieuw Statendam: Won big on the slot machines! The atmosphere was electric with everyone cheering.,5,2025-11-17,en
954,247,9,45,Spent most evenings in the casino on the Koningsdam. The minimum bets were too high for casual players. $25 minimum blackjack is excessive.,1,2025-12-04,en
955,306,3,15,Spent most evenings in the casino on the Jubilee. Decent casino but nothing extraordinary. Standard cruise ship gaming experience.,3,2025-11-14,es
956,347,8,37,The dealers on the Nieuw Statendam were slow. Great selection of table games. The blackjack tables had reasonable minimums.,4,2025-10-24,en
957,39,6,29,"Great selection of table games. The blackjack tables had reasonable minimums. Overall, the Carnival Panorama casino gets a pass from me.",5,2025-11-16,es
958,288,3,13,I loved the slot machines on the Jubilee. The minimum bets were too high for casual players. $25 minimum blackjack is excessive.,1,2025-11-14,en
959,150,3,15,First time playing baccarat on a cruise ship (Jubilee). The casino was okay. Not as large as I expected but had all the major games.,3,2025-11-21,en
960,238,6,26,"The dealers were friendly and professional, made the experience really enjoyable. Overall, the Carnival Panorama casino gets a mixed review from me.",4,2025-10-27,fr
961,214,7,33,First time playing slots on a cruise ship (Rotterdam). Drink service in the casino was painfully slow. Had to wait 30 minutes for a cocktail.,2,2025-11-02,en
962,107,7,32,Casino experience on our Mexican Riviera 7-Day cruise aboard the Rotterdam: Loved the poker tournament on sea days. Well organized with good prize pools.,4,2025-10-18,en
963,176,10,50,"Spent most evenings in the casino on the Zuiderdam. The dealers were friendly and professional, made the experience really enjoyable.",4,2025-11-15,en
964,458,3,13,Casino experience on our Eastern Caribbean 7-Day cruise aboard the Jubilee: Decent casino but nothing extraordinary. Standard cruise ship gaming experience.,3,2025-11-12,en
965,483,8,37,I loved the slot machines on the Nieuw Statendam. Felt like the house edge was much higher than Las Vegas. Not great value.,2,2025-10-28,en
966,216,9,43,"Staff remembered my name by the second day. That personal touch made all the difference. Overall, the Koningsdam casino gets a mixed review from me.",4,2025-11-10,es
967,263,5,25,First time playing craps on a cruise ship (Carnival Firenze). Felt like the house edge was much higher than Las Vegas. Not great value.,2,2025-11-18,fr
968,493,12,58,Had a okay time at the slots tables on the Volendam. The VIP room was a fantastic experience. Personalized service and higher limits.,5,2025-10-31,en
969,257,5,25,Casino experience on our Panama Canal 11-Day cruise aboard the Carnival Firenze: The casino was okay. Not as large as I expected but had all the major games.,3,2025-11-19,en
970,323,12,56,First time playing blackjack on a cruise ship (Volendam). The loyalty tier system is confusing. Could not figure out how to earn or redeem points.,2,2025-10-10,en
971,219,10,46,I enjoyed the slot machines on the Zuiderdam. Won big on the slot machines! The atmosphere was electric with everyone cheering.,4,2025-10-09,en
972,295,10,46,Had a decent time at the poker tables on the Zuiderdam. Best casino experience I have had on any cruise line. Will definitely come back.,4,2025-10-10,en
973,483,10,48,First time playing blackjack on a cruise ship (Zuiderdam). Drink service in the casino was painfully slow. Had to wait 30 minutes for a cocktail.,2,2025-11-08,en
974,305,6,30,The casino on the Carnival Panorama was amazing! Won big on the slot machines! The atmosphere was electric with everyone cheering.,5,2025-12-01,en
975,213,9,41,I enjoyed the slot machines on the Koningsdam. Great selection of table games. The blackjack tables had reasonable minimums.,5,2025-10-16,en
976,376,5,23,"Casino experience on our Mediterranean 14-Day cruise aboard the Carnival Firenze: The dealers were friendly and professional, made the experience really enjoyable.",4,2025-11-09,es
977,258,2,6,The casino on the Celebration was amazing! Drink service in the casino was painfully slow. Had to wait 30 minutes for a cocktail.,2,2025-10-17,en
978,383,11,52,"The dealers on the Westerdam were wonderful. Progressive jackpot slots were exciting. Someone won $15,000 on our sailing!",5,2025-11-01,en
979,122,11,51,First time playing blackjack on a cruise ship (Westerdam). The casino was okay. Not as large as I expected but had all the major games.,3,2025-10-14,en
980,3,7,34,The casino on the Rotterdam was fantastic! Felt like the house edge was much higher than Las Vegas. Not great value.,2,2025-11-09,en
981,483,8,36,Casino experience on our Western Caribbean 7-Day cruise aboard the Nieuw Statendam: Decent casino but nothing extraordinary. Standard cruise ship gaming experience.,3,2025-10-20,en
982,86,10,46,"Won big on the slot machines! The atmosphere was electric with everyone cheering. Overall, the Zuiderdam casino gets a pass from me.",5,2025-10-19,es
983,66,8,37,I enjoyed the slot machines on the Nieuw Statendam. Staff remembered my name by the second day. That personal touch made all the difference.,4,2025-10-26,en
984,179,4,19,First time playing roulette on a cruise ship (Carnival Venezia). The minimum bets were too high for casual players. $25 minimum blackjack is excessive.,2,2025-11-10,en
985,236,11,53,The casino on the Westerdam was wonderful! Loved the poker tournament on sea days. Well organized with good prize pools.,4,2025-11-11,en
986,490,1,4,I hated the slot machines on the Mardi Gras. Loved the poker tournament on sea days. Well organized with good prize pools.,4,2025-11-01,en
987,123,7,32,The casino on the Rotterdam was great! Won big on the slot machines! The atmosphere was electric with everyone cheering.,4,2025-10-21,en
988,64,7,31,The casino on the Rotterdam was mediocre! ATM fees in the casino were outrageous. $8 per transaction is highway robbery.,1,2025-10-17,fr
989,240,12,59,Spent most evenings in the casino on the Volendam. The loyalty program rewards were outstanding. Got complimentary drinks all cruise.,4,2025-11-09,en
990,190,3,13,"The casino on the Jubilee was disappointing! Progressive jackpot slots were exciting. Someone won $15,000 on our sailing!",5,2025-11-05,es
991,395,3,15,First time playing craps on a cruise ship (Jubilee). Drink service in the casino was painfully slow. Had to wait 30 minutes for a cocktail.,2,2025-11-26,en
992,489,2,7,"First time playing blackjack on a cruise ship (Celebration). Played a few rounds of blackjack. Won some, lost some. Pretty average experience.",3,2025-10-20,en
993,154,11,53,"Good for entertainment purposes but do not expect Vegas-level gaming. Overall, the Westerdam casino gets a two thumbs up from me.",3,2025-11-11,en
994,193,10,50,"Great selection of table games. The blackjack tables had reasonable minimums. Overall, the Zuiderdam casino gets a solid recommendation from me.",5,2025-11-20,en
995,139,7,31,First time playing blackjack on a cruise ship (Rotterdam). Casino was extremely smoky. Needs better ventilation or a non-smoking section.,2,2025-10-15,de
996,96,2,6,The dealers on the Celebration were impatient. Casino was extremely smoky. Needs better ventilation or a non-smoking section.,1,2025-10-15,en
997,171,1,4,First time playing roulette on a cruise ship (Mardi Gras). Won big on the slot machines! The atmosphere was electric with everyone cheering.,4,2025-10-31,es
998,171,4,18,"Casino experience on our Hawaii 15-Day cruise aboard the Carnival Venezia: Played a few rounds of blackjack. Won some, lost some. Pretty average experience.",3,2025-11-01,en
999,24,6,30,Spent most evenings in the casino on the Carnival Panorama. Drink service in the casino was painfully slow. Had to wait 30 minutes for a cocktail.,2,2025-11-30,en
1000,368,4,20,"I appreciated the slot machines on the Carnival Venezia. The dealers were friendly and professional, made the experience really enjoyable.",5,2025-11-16,en
